-- MySQL dump 10.17  Distrib 10.3.16-MariaDB, for Win64 (AMD64)
--
-- Host: localhost    Database: e-form
-- ------------------------------------------------------
-- Server version	10.3.16-MariaDB

/*!40101 SET @OLD_CHARACTER_SET_CLIENT=@@CHARACTER_SET_CLIENT */;
/*!40101 SET @OLD_CHARACTER_SET_RESULTS=@@CHARACTER_SET_RESULTS */;
/*!40101 SET @OLD_COLLATION_CONNECTION=@@COLLATION_CONNECTION */;
/*!40101 SET NAMES utf8mb4 */;
/*!40103 SET @OLD_TIME_ZONE=@@TIME_ZONE */;
/*!40103 SET TIME_ZONE='+00:00' */;
/*!40014 SET @OLD_UNIQUE_CHECKS=@@UNIQUE_CHECKS, UNIQUE_CHECKS=0 */;
/*!40014 SET @OLD_FOREIGN_KEY_CHECKS=@@FOREIGN_KEY_CHECKS, FOREIGN_KEY_CHECKS=0 */;
/*!40101 SET @OLD_SQL_MODE=@@SQL_MODE, SQL_MODE='NO_AUTO_VALUE_ON_ZERO' */;
/*!40111 SET @OLD_SQL_NOTES=@@SQL_NOTES, SQL_NOTES=0 */;

--
-- Table structure for table `mst_akses`
--

DROP TABLE IF EXISTS `mst_akses`;
/*!40101 SET @saved_cs_client     = @@character_set_client */;
/*!40101 SET character_set_client = utf8 */;
CREATE TABLE `mst_akses` (
  `id` int(11) NOT NULL AUTO_INCREMENT,
  `id_module` int(11) DEFAULT NULL,
  `id_mst_role` int(11) DEFAULT NULL,
  PRIMARY KEY (`id`)
) ENGINE=InnoDB AUTO_INCREMENT=3 DEFAULT CHARSET=latin1;
/*!40101 SET character_set_client = @saved_cs_client */;

--
-- Dumping data for table `mst_akses`
--

LOCK TABLES `mst_akses` WRITE;
/*!40000 ALTER TABLE `mst_akses` DISABLE KEYS */;
INSERT INTO `mst_akses` VALUES (1,1,1),(2,2,1);
/*!40000 ALTER TABLE `mst_akses` ENABLE KEYS */;
UNLOCK TABLES;

--
-- Table structure for table `mst_barang`
--

DROP TABLE IF EXISTS `mst_barang`;
/*!40101 SET @saved_cs_client     = @@character_set_client */;
/*!40101 SET character_set_client = utf8 */;
CREATE TABLE `mst_barang` (
  `id_barang` int(11) NOT NULL AUTO_INCREMENT,
  `kode_barang` varchar(100) DEFAULT NULL,
  `barang` varchar(100) DEFAULT NULL,
  `satuan` varchar(100) DEFAULT NULL,
  `merk` varchar(100) DEFAULT NULL,
  `harga` int(10) DEFAULT NULL,
  `kategori` varchar(100) DEFAULT NULL,
  `groups` varchar(100) DEFAULT NULL,
  `supplier` varchar(100) DEFAULT NULL,
  `keterangan` varchar(150) DEFAULT NULL,
  `lastupdate` timestamp NULL DEFAULT current_timestamp() ON UPDATE current_timestamp(),
  PRIMARY KEY (`id_barang`)
) ENGINE=InnoDB AUTO_INCREMENT=33 DEFAULT CHARSET=utf8;
/*!40101 SET character_set_client = @saved_cs_client */;

--
-- Dumping data for table `mst_barang`
--

LOCK TABLES `mst_barang` WRITE;
/*!40000 ALTER TABLE `mst_barang` DISABLE KEYS */;
INSERT INTO `mst_barang` VALUES (1,'KB001','HP Proliant G80 HVID','Perangkat','HP',15000000,'Peralatan','Komputer','KONSTANTINS','-','2019-10-10 06:42:46'),(2,'KB001','Mikrotik RB2011 UiAS','Perangkat','RouterBOARD',1570000,'Peralatan','Komputer','VIRAJAYA VIRAINDO.COM','-','2019-10-10 06:42:52'),(3,'KB001','Lenovo H50-50VID','Perangkat','Lenovo',6900000,'Peralatan','Komputer','BHINNEKA.COM','-','2019-10-10 06:42:52'),(4,'KB001','Corsair 4GB DDR3','Unit','Corsair',400000,'Peralatan','Komputer','BHINNEKA.COM','-','2019-10-10 06:42:52'),(5,'KB001','Form BPKB','Kardus','Lain-Lain',350000,'Form BPKB','Formulir','PRIHYANTO AKA PUR','-','2019-10-10 06:42:52'),(6,'KB001','Modem Prolink SH8874','Unit','Prolink',290000,'Peralatan','Komputer','LAIN - LAIN','-','2019-10-10 06:42:52'),(7,'KB001','Printer Epson PLQ-20','Perangkat','Epson',7150000,'Peralatan','Komputer','VIRAJAYA VIRAINDO.COM','-','2019-10-10 06:42:52'),(8,'KB001','Printer MP2180','Unit','Canon',1200000,'Peralatan','Komputer','ENTER KOMPUTER','-','2019-10-10 06:42:52'),(9,'KB001','Exhaust Fan Maspion','Buah','Maspion',145000,'Peralatan','Kipas Angin','LAIN - LAIN','-','2019-10-10 06:42:52'),(10,'KB001','Meja Sentra Office 1 Biro','Unit','Sentra Office',590000,'Peralatan','Meja','SENTRA OFFICE','-','2019-10-10 06:42:52'),(11,'KB001','Meja Sentra Office 1/2 Biro','Unit','Sentra Office',480000,'Peralatan','Meja','SENTRA OFFICE','-','2019-10-10 06:42:52'),(12,'KB001','Kursi Briliant GY9910','Unit','Briliant',394000,'Peralatan','Kursi','SENTRA OFFICE','-','2019-10-10 06:42:52'),(13,'KB001','FORM BPKB','Kardus','Lain-Lain',350000,'Perlengkapan','Formulir','KONSTANTINS','-','2019-10-10 06:42:52'),(14,'KB001','Modem Priant H1000','Unit','Proliant',290000,'Peralatan','Komputer','Mitra Jaya 16','-','2019-10-10 06:42:52'),(15,'KB001','Panasonic Telepon SIngle Channel Made in Indonesia KX-KST505','Unit','Panasonic',123200,'Peralatan','Telepon','Engkoh','-','2019-10-10 06:42:52'),(16,'KB001','Motorola Scanner Pro MT661','Unit','Motorola',3250000,'Peralatan','Komputer','BHINNEKA.COM','-','2019-10-10 06:42:52'),(17,'KB001','Printer Epson L220','Unit','Epson',1920000,'Peralatan','Komputer','ENTER KOMPUTER','-','2019-10-10 06:42:52'),(18,'KB001','Panasonic Telepon','Unit','Panasonic',154000,'Peralatan','Telepon','LAIN - LAIN','-','2019-10-10 06:42:52'),(19,'KB001','Proliant B210 Modem HSDPA / LTE services','Unit','Proliant',299000,'Peralatan','Komputer','BHINNEKA.COM','-','2019-10-10 06:42:52'),(20,'KB001','Air Conditioner LG T09NLA','Unit','LG',2800000,'Peralatan','Pendingin Ruangan (AC)','ACE HARDWARE','-','2019-10-10 06:42:52'),(21,'KB001','Wireless Router D-Link D998','Perangkat','D-Link',325000,'Peralatan','Komputer','BHINNEKA.COM','-','2019-10-10 06:42:52'),(22,'KB001','HP Pavilion 64-1001TX','Unit','HP',0,'Peralatan','Komputer','VIRAJAYA VIRAINDO.COM','-','2019-10-10 06:42:52'),(23,'KB001','Server IBM X3250-M3-4251','Unit','IBM',0,'Peralatan','Komputer','VIRAJAYA VIRAINDO.COM','-','2019-10-10 06:42:52'),(24,'KB001','Printer Epson LX300+Dotmatrix','Unit','Epson',0,'Peralatan','Komputer','VIRAJAYA VIRAINDO.COM','-','2019-10-10 06:42:52'),(25,'KB001','Computing PC Station','Unit','Ncomputing',0,'Peralatan','Komputer','VIRAJAYA VIRAINDO.COM','DAM','2019-10-10 06:42:52'),(26,'KB001','LCD LG 18,5 W1953S','Unit','LG',0,'Peralatan','Komputer','VIRAJAYA VIRAINDO.COM','DAM','2019-10-10 06:42:52'),(27,'KB001','HUB D-Link Des 1008A','Unit','D-Link',0,'Peralatan','Komputer','VIRAJAYA VIRAINDO.COM','DAM','2019-10-10 06:42:52'),(28,'KB001','PC  Acer (set)','Unit','Acer',0,'Peralatan','Komputer','VIRAJAYA VIRAINDO.COM','ADIT','2019-10-10 06:42:52'),(29,'KB001','LG DVD Slim Portable GP65NB60','Unit','LG',265000,'Peralatan','Komputer','Depok','-','2019-10-10 06:42:52'),(30,'KB001','DELL Inspiron 3567','Perangkat','DELL',5150000,'Peralatan','Buku','ENTER KOMPUTER','-','2019-10-10 06:42:52'),(31,'KB001','Keyboard+Mouse Combo Wireless (Merk Logitech MK235)','Perangkat','Logitech',265000,'Peralatan','Komputer','LAIN - LAIN','ADIT','2019-10-10 06:42:52'),(32,'KB001','Windows DVD','Unit','WINDOWS',0,'Peralatan','Komputer','LAIN - LAIN','-','2019-10-10 06:42:52');
/*!40000 ALTER TABLE `mst_barang` ENABLE KEYS */;
UNLOCK TABLES;

--
-- Table structure for table `mst_module`
--

DROP TABLE IF EXISTS `mst_module`;
/*!40101 SET @saved_cs_client     = @@character_set_client */;
/*!40101 SET character_set_client = utf8 */;
CREATE TABLE `mst_module` (
  `module` varchar(50) DEFAULT NULL,
  `icon` varchar(50) DEFAULT NULL,
  `id` int(11) NOT NULL AUTO_INCREMENT,
  `nama` varchar(50) DEFAULT NULL,
  PRIMARY KEY (`id`)
) ENGINE=InnoDB AUTO_INCREMENT=8 DEFAULT CHARSET=latin1;
/*!40101 SET character_set_client = @saved_cs_client */;

--
-- Dumping data for table `mst_module`
--

LOCK TABLES `mst_module` WRITE;
/*!40000 ALTER TABLE `mst_module` DISABLE KEYS */;
INSERT INTO `mst_module` VALUES ('administrator/user','fas fa-user',1,'Master User'),('administrator/dashboard','fas fa-user',2,'Dashboard'),('administrator/barang',NULL,3,'Mater Barang'),('administrator/cuti',NULL,4,'Cuti Pegawai'),('#',NULL,5,'Permintaan Barang'),('#',NULL,6,'Penerimaan Barang'),('#',NULL,7,'Rekap Data');
/*!40000 ALTER TABLE `mst_module` ENABLE KEYS */;
UNLOCK TABLES;

--
-- Table structure for table `mst_pegawai`
--

DROP TABLE IF EXISTS `mst_pegawai`;
/*!40101 SET @saved_cs_client     = @@character_set_client */;
/*!40101 SET character_set_client = utf8 */;
CREATE TABLE `mst_pegawai` (
  `id_pegawai` int(11) NOT NULL AUTO_INCREMENT,
  `nip` varchar(150) DEFAULT NULL,
  `no_ktp` varchar(20) DEFAULT NULL,
  `nama_lengkap` varchar(150) DEFAULT NULL,
  `jenis_kelamin` varchar(150) DEFAULT NULL,
  `tempat_lahir` varchar(150) DEFAULT NULL,
  `tanggal_lahir` date DEFAULT NULL,
  `status_perkawinan` varchar(150) DEFAULT NULL,
  `jumlah_anak` int(11) DEFAULT NULL,
  `agama` varchar(50) DEFAULT NULL,
  `alamat` varchar(200) DEFAULT NULL,
  `no_telepon` varchar(20) DEFAULT NULL,
  `email` varchar(150) DEFAULT NULL,
  `jabatan` varchar(150) DEFAULT NULL,
  `penempatan` varchar(150) DEFAULT NULL,
  PRIMARY KEY (`id_pegawai`)
) ENGINE=InnoDB AUTO_INCREMENT=22 DEFAULT CHARSET=latin1;
/*!40101 SET character_set_client = @saved_cs_client */;

--
-- Dumping data for table `mst_pegawai`
--

LOCK TABLES `mst_pegawai` WRITE;
/*!40000 ALTER TABLE `mst_pegawai` DISABLE KEYS */;
INSERT INTO `mst_pegawai` VALUES (1,'TPMM1211002','327500000000','ATWIS ANDREAS HADI SAPUTRO','Laki - laki','Jakarta','2019-09-01','Menikah',3,'Islam','Jl. Mandor Hasan Gg. Said Taban No.99 RT.005/006 Kel. Cipayung Kec. Cipayung - Jakarta Timur','082125852471','user@gmail.com','Manager IT','Jakarta'),(2,'TPMM1211003','327500000000','MOCH. REZKA ADITYA','Laki - laki','Jakarta','2019-09-01','Menikah',1,'Islam','Kp. Bojong Tua No.25 RT.003/001 Kel. Jatimakmur Kec. Pondok Gede - Bekasi','082177194495','user@gmail.com','IT Admin','Jakarta'),(3,'TPMM123123','327500000000','ADMINISTRATOR1','Laki - laki','Jakarta','2019-09-01','Menikah',0,'Islam','Jakarta Selatan','0000','user@gmail.com','ADMINISTRATOR1','Jakarta'),(4,'TPMM1014014','327500000000','AGUNG NUGROHO','Laki - laki','Jakarta','2019-09-01','Menikah',1,'Islam','Jl. Salman No.65 RT.002/003 Kebon Jeruk - Jakarta Barat','083872238129','user@gmail.com','Staff Admin','Jakarta'),(5,'TPMM1213012','327500000000','I PUTU AGUS SOENARTHA','Laki - laki','Jakarta','2019-09-01','Menikah',2,'Hindu','Komp. Pomad Blok 20 RT.013/006 Kel. Kalibata Kec. Pancoran - Jakarta Selatan','081219241944','user@gmail.com','Umum','Jakarta'),(6,'TPMM1211006','327500000000','BANGKIT NUGROHO','Laki - laki','Jakarta','2019-09-01','Belum Menikah',0,'Islam','Jl. Mupusan RT.004/001 Kel. Pondok Kec. Grogol - Sukoharjo, Jawa Tengah','081236673170','user@gmail.com','IT Admin','Jakarta'),(7,'TPMM0913001','327500000000','BUDIMAN','Laki - laki','Jakarta','2019-09-01','Menikah',2,'Islam','Penepen RT.003/001 Kel. Mendelem Kec. Belik - Pemalang, Jawa Tengah','087880881378','user@gmail.com','Kurir','Jakarta'),(8,'TPMM1211004','327500000000','SELAMET KADARISMAN','Laki - laki','Jakarta','2019-09-01','Menikah',2,'Islam','Kp. Pos Bitung RT.019/004 Kel. Kadu Kec. Curug - Tangerang','081290732509','user@gmail.com','Umum','Jakarta'),(9,'TPMM1611003','327500000000','EDDY PRASETIYO','Laki - laki','Jakarta','2019-09-01','Menikah',1,'Islam','Pulo Jahe','082210160003','user@gmail.com','Staff IT','Jakarta'),(10,'TPMM0615020','327500000000','EKO SUPRIHONO','Laki - laki','Jakarta','2019-09-01','Menikah',1,'Islam','Jl. Palem III RT.005/008 Kel. Petukangan Utara Kec. Pesanggrahan - Jakarta Selatan','085770779875','user@gmail.com','Office Boy & Cleaning Service','Jakarta'),(11,'TPMM1014017','327500000000','FIRMANSYAH','Laki - laki','Jakarta','2019-09-01','Menikah',2,'Islam','Lingkungan Beleong RT.004/003 Kel. Dalam Kec. Taliwang - Kab. Sumbawa Barat, NTB','08138080020','user@gmail.com','Staff IT','Jakarta'),(12,'TPMM0214013','327500000000','HELDY HILTON','Laki - laki','Jakarta','2019-09-01','Belum Menikah',0,'Islam','Jl. Meditran Raya M - 11 No.4 RT.004/008 Kel. Pondok Ranji Kec. Ciputat Timur - Tangerang Selatan','081286556798','user@gmail.com','Staff IT','Jakarta'),(13,'TPMM0512007','327500000000','MAISYUROH','Perempuan','Jakarta','2019-09-01','Menikah',1,'Islam','Jl. Gandaria V RT.009/002 Kel. Jagakarsa Kec. Jagakarsa - Jakarta Selatan','081808370462','user@gmail.com','Finance & Accounting','Jakarta'),(14,'TPMM0415018','327500000000','NANIK ERNAWATI','Perempuan','Jakarta','2019-09-01','Menikah',2,'Islam','Pondok Tirta Mandala Blok G-1 No.18 RT.004/018 Kel. Sukamaju Kec. Cilodong - Depok, Jawa Barat','08161661083','user@gmail.com','Direktur','Jakarta'),(15,'TPMM0813009','327500000000','RAHMI ROHMAHTULOH','Perempuan','Jakarta','2019-09-01','Belum Menikah',0,'Islam','Rumah Dinas SDN Blok 22 No.195 RT.016/018 Melong - Cimahi Selatan','08982726730','user@gmail.com','Staff Admin','Jakarta'),(16,'TPMM1211001','327500000000','RUJITO','Laki - laki','Jakarta','2019-09-01','Menikah',4,'Islam','Jakarta Selatan','087878122004','user@gmail.com','Direktur','Jakarta'),(17,'TPMM0913002','327500000000','SURIPTO','Laki - laki','Jakarta','2019-09-01','Menikah',0,'Islam','Jl. Kota Bambu Utara I RT.002/001 Kel. Kota Bambu Utara Kec. Palmerah - Jakarta Barat','085284290713','user@gmail.com','Kurir','Jakarta'),(18,'TPMM0913010','327500000000','USMAN RUSMANA','Laki - laki','Jakarta','2019-09-01','Menikah',2,'Islam','Gg. Bapak Jumenah No.30/81 RT.001/003 Cibuntu - Bandung Kulon, Jawa Barat','089610871372','user@gmail.com','Staff Admin','Jakarta'),(19,'TPMM0415019','327500000000','WAIS AL QORNI','Laki - laki','Jakarta','2019-09-01','Menikah',1,'Islam','DK. Rawadadap RT.002/009 Kel. Banyurata Kec. Adimulyo - Kebumen, Jawa Tengah','081234564326','user@gmail.com','Staff Admin','Jakarta'),(20,'TPMM1014015','327500000000','WIWIN WINARSAH','Laki - laki','Jakarta','2019-09-01','Menikah',1,'Islam','Jl. Kebon Kopi Gg. Saluyu Dalam No.130 RT.001/004 Kel. Cibeureum Kec. Cimahi Selatan - Cimahi, Jawa Barat','0817442727','user@gmail.com','Staff Admin','Jakarta'),(21,'TPMM1014016','327500000000','YOGI MUHAMAD NURKIMAN','Laki - laki','Jakarta','2019-09-01','Belum Menikah',0,'Islam','Kopo Permai Blok MM No.14A RT.011/001 Kel. Sukamenak Kec. Margahayu - Bandung, Jawa Barat','089643078669','user@gmail.com','Staff Admin','Jakarta');
/*!40000 ALTER TABLE `mst_pegawai` ENABLE KEYS */;
UNLOCK TABLES;

--
-- Table structure for table `mst_role`
--

DROP TABLE IF EXISTS `mst_role`;
/*!40101 SET @saved_cs_client     = @@character_set_client */;
/*!40101 SET character_set_client = utf8 */;
CREATE TABLE `mst_role` (
  `role` varchar(255) DEFAULT NULL,
  `id` int(11) NOT NULL AUTO_INCREMENT,
  PRIMARY KEY (`id`)
) ENGINE=InnoDB AUTO_INCREMENT=3 DEFAULT CHARSET=latin1;
/*!40101 SET character_set_client = @saved_cs_client */;

--
-- Dumping data for table `mst_role`
--

LOCK TABLES `mst_role` WRITE;
/*!40000 ALTER TABLE `mst_role` DISABLE KEYS */;
INSERT INTO `mst_role` VALUES ('Admin',1),('User',2);
/*!40000 ALTER TABLE `mst_role` ENABLE KEYS */;
UNLOCK TABLES;

--
-- Table structure for table `pegawai`
--

DROP TABLE IF EXISTS `pegawai`;
/*!40101 SET @saved_cs_client     = @@character_set_client */;
/*!40101 SET character_set_client = utf8 */;
CREATE TABLE `pegawai` (
  `id` varchar(50) NOT NULL,
  `username` varchar(30) NOT NULL DEFAULT '',
  `password` varchar(30) DEFAULT NULL,
  `nik` varchar(30) DEFAULT NULL,
  `nama_lengkap` varchar(150) DEFAULT NULL,
  `jabatan` varchar(150) DEFAULT NULL,
  `divisi` varchar(30) DEFAULT NULL,
  `jenis_kelamin` varchar(20) DEFAULT NULL,
  `alamat` varchar(200) DEFAULT NULL,
  `no_telepon` varchar(20) DEFAULT NULL,
  PRIMARY KEY (`username`,`id`)
) ENGINE=InnoDB DEFAULT CHARSET=utf8;
/*!40101 SET character_set_client = @saved_cs_client */;

--
-- Dumping data for table `pegawai`
--

LOCK TABLES `pegawai` WRITE;
/*!40000 ALTER TABLE `pegawai` DISABLE KEYS */;
INSERT INTO `pegawai` VALUES ('TPMM1211002','aan','MTIz','TPMM1211002','ATWIS ANDREAS HADI SAPUTRO','Manager IT','I.T','Laki - laki','Jl. Mandor Hasan Gg. Said Taban No.99 RT.005/006 Kel. Cipayung Kec. Cipayung - Jakarta Timur','082125852471'),('TPMM1211003','adhitya','MTIz','TPMM1211003','MOCH. REZKA ADITYA','IT Admin','I.T','Laki - laki','Kp. Bojong Tua No.25 RT.003/001 Kel. Jatimakmur Kec. Pondok Gede - Bekasi','082177194495'),('TPMM123123','adm','YWRt','TPMM123123','ADMINISTRATOR1','ADMINISTRATOR1','ADMINISTRATOR','Laki - laki','Jakarta Selatan','0000'),('TPMM1014014','agung','MTIz','TPMM1014014','AGUNG NUGROHO','Staff Admin','Barcoding','Laki - laki','Jl. Salman No.65 RT.002/003 Kebon Jeruk - Jakarta Barat','083872238129'),('TPMM1213012','agus','MTIz','TPMM1213012','I PUTU AGUS SOENARTHA','Umum','Umum','Laki - laki','Komp. Pomad Blok 20 RT.013/006 Kel. Kalibata Kec. Pancoran - Jakarta Selatan','081219241944'),('TPMM1211006','bangkit','MTIz','TPMM1211006','BANGKIT NUGROHO','IT Admin','I.T','Laki - laki','Jl. Mupusan RT.004/001 Kel. Pondok Kec. Grogol - Sukoharjo, Jawa Tengah','081236673170'),('TPMM0913001','budiman','MTIz','TPMM0913001','BUDIMAN','Kurir','Kurir','Laki - laki','Penepen RT.003/001 Kel. Mendelem Kec. Belik - Pemalang, Jawa Tengah','087880881378'),('TPMM1211004','deden','MTIz','TPMM1211004','SELAMET KADARISMAN','Umum','Umum','Laki - laki','Kp. Pos Bitung RT.019/004 Kel. Kadu Kec. Curug - Tangerang','081290732509'),('TPMM1611003','eddy','MTIz','TPMM1611003','EDDY PRASETIYO','Staff IT','I.T','Laki - laki','Pulo Jahe','082210160003'),('TPMM0615020','eko','MTIz','TPMM0615020','EKO SUPRIHONO','Office Boy & Cleaning Service','OB','Laki - laki','Jl. Palem III RT.005/008 Kel. Petukangan Utara Kec. Pesanggrahan - Jakarta Selatan','085770779875'),('TPMM1014017','firmansyah','MTIz','TPMM1014017','FIRMANSYAH','Staff IT','I.T','Laki - laki','Lingkungan Beleong RT.004/003 Kel. Dalam Kec. Taliwang - Kab. Sumbawa Barat, NTB','08138080020'),('TPMM0214013','heldy','MTIz','TPMM0214013','HELDY HILTON','Staff IT','I.T','Laki - laki','Jl. Meditran Raya M - 11 No.4 RT.004/008 Kel. Pondok Ranji Kec. Ciputat Timur - Tangerang Selatan','081286556798'),('TPMM0512007','may','MTIz','TPMM0512007','MAISYUROH','Finance & Accounting','F & A','Perempuan','Jl. Gandaria V RT.009/002 Kel. Jagakarsa Kec. Jagakarsa - Jakarta Selatan','081808370462'),('TPMM0415018','nanik','MTIz','TPMM0415018','NANIK ERNAWATI','Direktur','Komisaris','Perempuan','Pondok Tirta Mandala Blok G-1 No.18 RT.004/018 Kel. Sukamaju Kec. Cilodong - Depok, Jawa Barat','08161661083'),('TPMM0813009','rahmi','MTIz','TPMM0813009','RAHMI ROHMAHTULOH','Staff Admin','Barcoding','Perempuan','Rumah Dinas SDN Blok 22 No.195 RT.016/018 Melong - Cimahi Selatan','08982726730'),('TPMM1211001','rujito','MTIz','TPMM1211001','RUJITO','Direktur','Direktur','Laki - laki','Jakarta Selatan','087878122004'),('TPMM0913002','suripto','MTIz','TPMM0913002','SURIPTO','Kurir','Kurir','Laki - laki','Jl. Kota Bambu Utara I RT.002/001 Kel. Kota Bambu Utara Kec. Palmerah - Jakarta Barat','085284290713'),('TPMM0913010','uus','MTIz','TPMM0913010','USMAN RUSMANA','Staff Admin','Barcoding','Laki - laki','Gg. Bapak Jumenah No.30/81 RT.001/003 Cibuntu - Bandung Kulon, Jawa Barat','089610871372'),('TPMM0415019','wais','MTIz','TPMM0415019','WAIS AL QORNI','Staff Admin','Barcoding','Laki - laki','DK. Rawadadap RT.002/009 Kel. Banyurata Kec. Adimulyo - Kebumen, Jawa Tengah','081234564326'),('TPMM1014015','wiwin','MTIz','TPMM1014015','WIWIN WINARSAH','Staff Admin','Barcoding','Laki - laki','Jl. Kebon Kopi Gg. Saluyu Dalam No.130 RT.001/004 Kel. Cibeureum Kec. Cimahi Selatan - Cimahi, Jawa Barat','0817442727'),('TPMM1014016','yogi','MTIz','TPMM1014016','YOGI MUHAMAD NURKIMAN','Staff Admin','Barcoding','Laki - laki','Kopo Permai Blok MM No.14A RT.011/001 Kel. Sukamenak Kec. Margahayu - Bandung, Jawa Barat','089643078669');
/*!40000 ALTER TABLE `pegawai` ENABLE KEYS */;
UNLOCK TABLES;

--
-- Table structure for table `trn_birojasa`
--

DROP TABLE IF EXISTS `trn_birojasa`;
/*!40101 SET @saved_cs_client     = @@character_set_client */;
/*!40101 SET character_set_client = utf8 */;
CREATE TABLE `trn_birojasa` (
  `kode` varchar(30) DEFAULT NULL,
  `inisial` varchar(50) DEFAULT NULL,
  `nama` varchar(150) DEFAULT NULL,
  `alamat` varchar(250) DEFAULT NULL,
  `biaya_proses` varchar(10) DEFAULT NULL,
  `lastupdate` timestamp NULL DEFAULT current_timestamp() ON UPDATE current_timestamp()
) ENGINE=InnoDB DEFAULT CHARSET=latin1;
/*!40101 SET character_set_client = @saved_cs_client */;

--
-- Dumping data for table `trn_birojasa`
--

LOCK TABLES `trn_birojasa` WRITE;
/*!40000 ALTER TABLE `trn_birojasa` DISABLE KEYS */;
INSERT INTO `trn_birojasa` VALUES ('0001','EDI','CV. FAJAR MANDIRI','Poris Jaya, Banten','5000','2019-03-19 09:25:23'),('0002','KDS','PT. KARUNIA DINAMIKA SEJAHTERA','Ciracas, Jakarta Timur','5000','2019-03-19 09:26:58'),('0003','SAIMO','CV. SAIMO MANGUNKARSO','Cikoko, Jakarta Selatan','5000','2019-03-19 09:26:38');
/*!40000 ALTER TABLE `trn_birojasa` ENABLE KEYS */;
UNLOCK TABLES;

--
-- Table structure for table `trn_cuti`
--

DROP TABLE IF EXISTS `trn_cuti`;
/*!40101 SET @saved_cs_client     = @@character_set_client */;
/*!40101 SET character_set_client = utf8 */;
CREATE TABLE `trn_cuti` (
  `nomor` varchar(6) DEFAULT NULL,
  `nik` varchar(15) DEFAULT NULL,
  `tanggal_pengajuan` date DEFAULT NULL,
  `tanggal_awal` date DEFAULT NULL,
  `tanggal_akhir` date DEFAULT NULL,
  `jumlah_hari` int(2) DEFAULT NULL,
  `jenis_alasan` varchar(50) DEFAULT NULL,
  `lainnya` varchar(30) DEFAULT NULL,
  `alasan_ijin` varchar(30) DEFAULT NULL,
  `status` varchar(30) DEFAULT NULL,
  `lastupdate` timestamp NULL DEFAULT current_timestamp() ON UPDATE current_timestamp()
) ENGINE=InnoDB DEFAULT CHARSET=utf8;
/*!40101 SET character_set_client = @saved_cs_client */;

--
-- Dumping data for table `trn_cuti`
--

LOCK TABLES `trn_cuti` WRITE;
/*!40000 ALTER TABLE `trn_cuti` DISABLE KEYS */;
INSERT INTO `trn_cuti` VALUES ('000000','TPMM123123','2016-08-15','2016-08-15','2016-08-15',0,'Sakit','','-','Disetujui','2019-10-11 02:41:45'),('000001','TPMM1211006','2017-08-28','2017-09-06','2017-08-08',3,'Ijin Pribadi','','Pulang Kampung','Disetujui','2019-10-11 02:41:47'),('000002','TPMM1211003','2017-10-19','2017-10-19','2017-10-19',0,'Ijin Pribadi','','Pulang Kedesa','Disetujui','2019-10-11 02:41:47'),('000003','TPMM1211003','2017-12-28','2018-01-03','2018-01-05',3,'Ijin Pribadi','','LIBURAN','Disetujui','2019-10-11 02:41:47'),('000005','TPMM0512007','2018-03-23','2018-05-02','2018-05-04',3,'Ijin Pribadi','','Acara Keluarga','Disetujui','2019-10-11 02:41:47'),('000006','TPMM1211003','2018-09-04','2018-09-07','2018-09-07',1,'Ijin Pribadi','','Keperluan keluarga','Disetujui','2019-10-11 02:41:47'),('000007','TPMM1211006','2018-11-15','2018-11-16','2018-11-19',2,'Ijin Pribadi','','Pulang Kampung','Disetujui','2019-10-11 02:41:47'),('000008','TPMM1211003','2019-04-16','2019-04-22','2019-04-23',2,'Ijin Pribadi','','Pulang kampung Sebelum puasa','Disetujui','2019-10-11 02:41:47');
/*!40000 ALTER TABLE `trn_cuti` ENABLE KEYS */;
UNLOCK TABLES;

--
-- Table structure for table `trn_invoice`
--

DROP TABLE IF EXISTS `trn_invoice`;
/*!40101 SET @saved_cs_client     = @@character_set_client */;
/*!40101 SET character_set_client = utf8 */;
CREATE TABLE `trn_invoice` (
  `no_invoice` varchar(30) DEFAULT NULL,
  `nama_dealer` varchar(100) DEFAULT NULL,
  `tanggal_awal` date DEFAULT NULL,
  `tanggal_akhir` date DEFAULT NULL,
  `bpkb` int(10) DEFAULT NULL,
  `stnk` int(10) DEFAULT NULL,
  `bpkb_luar` int(10) DEFAULT NULL,
  `stnk_luar` int(10) DEFAULT NULL,
  `cek_fisik` int(10) DEFAULT NULL,
  `total` int(10) DEFAULT NULL,
  `grand_total` int(10) DEFAULT NULL,
  `lastupdate` timestamp NULL DEFAULT current_timestamp() ON UPDATE current_timestamp()
) ENGINE=InnoDB DEFAULT CHARSET=latin1;
/*!40101 SET character_set_client = @saved_cs_client */;

--
-- Dumping data for table `trn_invoice`
--

LOCK TABLES `trn_invoice` WRITE;
/*!40000 ALTER TABLE `trn_invoice` DISABLE KEYS */;
INSERT INTO `trn_invoice` VALUES ('0001/TPMM-Barc.JABAR/X/15','PT. AUTO 2000','2015-05-01','2015-05-31',1689,1689,1124,1124,0,2813,14065000,'2017-02-13 07:05:37'),('0002/TPMM-Barc.JABAR/X/15','PT. ISTANA BANDUNG RAYA MOTOR','2015-05-01','2015-05-31',389,389,0,0,0,389,1945000,'2017-02-13 07:05:51'),('0003/TPMM-Barc.JABAR/X/15','PT. NUSANTARA JAYA SENTOSA','2015-05-01','2015-05-31',695,695,0,0,0,695,3475000,'2017-02-13 07:05:51'),('0004/TPMM-Barc.JABAR/X/15','PT. CINTA DAMAI PUTRA BAHAGIA','2015-05-01','2015-05-31',143,143,0,0,0,143,715000,'2017-02-13 07:05:51'),('0005/TPMM-Barc.JABAR/X/15','PT. AUTO 2000','2015-06-01','2015-06-30',2127,2127,1977,1977,0,4104,20520000,'2017-02-13 07:05:52'),('0006/TPMM-Barc.JABAR/X/15','PT. ISTANA BANDUNG RAYA MOTOR','2015-06-01','2015-06-30',2139,2139,0,0,0,2139,10695000,'2017-02-13 07:05:52'),('0007/TPMM-Barc.JABAR/X/15','PT. NUSANTARA JAYA SENTOSA','2015-06-01','2015-06-30',526,526,0,0,0,526,2630000,'2017-02-13 07:05:52'),('0008/TPMM-Barc.JABAR/X/15','PT. CINTA DAMAI PUTRA BAHAGIA','2015-06-01','2015-06-30',160,160,0,0,0,160,800000,'2017-02-13 07:05:52'),('0009/TPMM-Barc.JABAR/X/15','PT. AUTO 2000','2015-07-01','2015-07-31',1663,1663,1316,1316,0,2979,14895000,'2017-02-13 07:05:52'),('0010/TPMM-Barc.JABAR/X/15','PT. NUSANTARA JAYA SENTOSA','2015-07-01','2015-07-31',539,539,0,0,0,539,2695000,'2017-02-13 07:05:52'),('0011/TPMM-Barc.JABAR/X/15','PT. CINTA DAMAI PUTRA BAHAGIA','2015-07-01','2015-07-31',131,131,0,0,0,131,655000,'2017-02-13 07:05:52'),('0012/TPMM-Barc.JABAR/X/15','PT. ISTANA BANDUNG RAYA MOTOR','2015-07-01','2015-07-31',1729,1729,0,0,0,1729,8645000,'2017-02-13 07:05:52'),('0013/TPMM-Barc.JABAR/X/15','PT. AUTO 2000','2015-08-01','2015-08-31',1183,1183,1217,1217,0,2400,12000000,'2017-02-13 07:05:52'),('0014/TPMM-Barc.JABAR/X/15','PT. ISTANA BANDUNG RAYA MOTOR','2015-08-01','2015-08-31',1643,1643,0,0,0,1643,8215000,'2017-02-13 07:05:52'),('0015/TPMM-Barc.JABAR/X/15','PT. NUSANTARA JAYA SENTOSA','2015-08-01','2015-08-31',536,536,0,0,0,536,2680000,'2017-02-13 07:05:52'),('0016/TPMM-Barc.JABAR/X/15','PT. CINTA DAMAI PUTRA BAHAGIA','2015-08-01','2015-08-31',138,138,0,0,0,138,690000,'2017-02-13 07:05:52'),('0017/TPMM-Barc.JABAR/X/15','PT. AUTO 2000','2015-09-01','2015-09-30',1422,1422,1275,1275,0,2697,13485000,'2017-02-13 07:05:52'),('0018/TPMM-Barc.JABAR/X/15','PT. NUSANTARA JAYA SENTOSA','2015-09-01','2015-09-30',455,455,0,0,0,455,2275000,'2017-02-13 07:05:52'),('0019/TPMM-Barc.JABAR/X/15','PT. ISTANA BANDUNG RAYA MOTOR','2015-09-01','2015-09-30',2220,2220,0,0,0,2220,11100000,'2017-02-13 07:05:52'),('0020/TPMM-Barc.JABAR/X/15','PT. CINTA DAMAI PUTRA BAHAGIA','2015-09-01','2015-09-30',148,148,0,0,0,148,740000,'2017-02-13 07:05:52'),('0021/TPMM-Barc.JABAR/XI/15','PT. AUTO 2000','2015-10-01','2015-10-31',1484,1484,1546,1546,0,3030,15150000,'2017-02-13 07:05:52'),('0022/TPMM-Barc.JABAR/XI/15','PT. NUSANTARA JAYA SENTOSA','2015-10-01','2015-10-31',653,653,0,0,0,653,3265000,'2017-02-13 07:05:52'),('0023/TPMM-Barc.JABAR/XI/15','PT. CINTA DAMAI PUTRA BAHAGIA','2015-10-01','2015-10-31',172,172,0,0,0,172,860000,'2017-02-13 07:05:52'),('0024/TPMM-Barc.JABAR/XI/15','PT. ISTANA BANDUNG RAYA MOTOR','2015-10-01','2015-10-31',2342,2342,0,0,0,2342,11710000,'2017-02-13 07:05:52'),('0025/TPMM-Barc.JABAR/XII/15','PT. AUTO 2000','2015-11-01','2015-11-30',1648,1648,1493,1493,0,3141,15705000,'2017-02-13 07:05:52'),('0026/TPMM-Barc.JABAR/XII/15','PT. NUSANTARA JAYA SENTOSA','2015-11-01','2015-11-30',518,518,0,0,0,518,2590000,'2017-02-13 07:05:52'),('0027/TPMM-Barc.JABAR/XII/15','PT. CINTA DAMAI PUTRA BAHAGIA','2015-11-01','2015-11-30',123,123,0,0,0,123,615000,'2017-02-13 07:05:52'),('0029/TPMM-Barc.JABAR/XII/15','PT. ISTANA BANDUNG RAYA MOTOR','2015-11-01','2015-11-30',1694,1694,0,0,0,1694,8470000,'2017-02-13 07:05:52'),('0001/TPMM-Barc.JABAR/I/16','PT. AUTO 2000','2015-12-01','2015-12-31',1520,1520,1765,1765,0,3285,16425000,'2017-02-13 07:05:52'),('0002/TPMM-Barc.JABAR/I/16','PT. CINTA DAMAI PUTRA BAHAGIA','2015-12-01','2015-12-31',179,179,0,0,0,179,895000,'2017-02-13 07:05:52'),('0003/TPMM-Barc.JABAR/I/16','PT. NUSANTARA JAYA SENTOSA','2015-12-01','2015-12-31',755,755,0,0,0,755,3775000,'2017-02-13 07:05:52'),('0004/TPMM-Barc.JABAR/I/16','PT. ISTANA BANDUNG RAYA MOTOR','2015-12-01','2015-12-31',2493,2493,0,0,0,2493,12465000,'2017-02-13 07:05:52'),('0005/TPMM-Barc.JABAR/II/16','PT. AUTO 2000','2016-01-01','2016-01-31',1921,1921,2343,2343,0,4264,21320000,'2017-02-13 07:05:52'),('0006/TPMM-Barc.JABAR/II/16','PT. CINTA DAMAI PUTRA BAHAGIA','2016-01-01','2016-01-31',177,177,0,0,0,177,885000,'2017-02-13 07:05:52'),('0007/TPMM-Barc.JABAR/II/16','PT. ISTANA BANDUNG RAYA MOTOR','2016-01-01','2016-01-31',1850,1850,0,0,0,1850,9250000,'2017-02-13 07:05:52'),('0008/TPMM-Barc.JABAR/II/16','PT. NUSANTARA JAYA SENTOSA','2016-01-01','2016-01-31',398,398,0,0,0,398,1990000,'2017-02-13 07:05:52'),('0009/TPMM-Barc.JABAR/II/16','PT. ASTRA DAIHATSU MOTOR','2016-01-01','2016-01-31',1413,1413,0,0,0,1413,7065000,'2017-02-13 07:05:52'),('0010/TPMM-Barc.JABAR/II/16','PT. GARUDA MATARAM MOTOR','2015-07-01','2016-01-31',48,48,0,0,0,48,240000,'2017-02-13 07:05:52'),('0011/TPMM-Barc.JABAR/III/16','PT. AUTO 2000','2016-02-01','2016-02-29',1746,1746,1799,1799,0,3545,17725000,'2017-02-13 07:05:52'),('0012/TPMM-Barc.JABAR/III/16','PT. CINTA DAMAI PUTRA BAHAGIA','2016-02-01','2016-02-29',155,155,0,0,0,155,775000,'2017-02-13 07:05:52'),('0013/TPMM-Barc.JABAR/III/16','PT. NUSANTARA JAYA SENTOSA','2016-02-01','2016-02-29',611,611,0,0,0,611,3055000,'2017-02-13 07:05:52'),('0014/TPMM-Barc.JABAR/III/16','PT. ISTANA BANDUNG RAYA MOTOR','2016-02-01','2016-02-29',2141,2141,0,0,0,2141,10705000,'2017-02-13 07:05:52'),('0015/TPMM-Barc.JABAR/III/16','PT. SILOAM MOTOR (KIA)','2016-02-01','2016-02-29',21,21,0,0,0,21,105000,'2017-02-13 07:05:52'),('0016/TPMM-Barc.JABAR/III/16','PT. SILOAM MOTOR (TATA)','2016-02-01','2016-02-29',10,10,0,0,0,10,50000,'2017-02-13 07:05:52'),('0017/TPMM-Barc.JABAR/III/16','PT. ASTRA DAIHATSU MOTOR','2016-02-01','2016-02-29',1475,1475,0,0,0,1475,7375000,'2017-02-13 07:05:52'),('0018/TPMM-Barc.JABAR/IV/16','PT. CINTA DAMAI PUTRA BAHAGIA','2016-03-01','2016-03-31',141,141,0,0,0,141,705000,'2017-02-13 07:05:52'),('0019/TPMM-Barc.JABAR/IV/16','PT. NUSANTARA JAYA SENTOSA','2016-03-01','2016-03-31',436,436,0,0,0,436,2180000,'2017-02-13 07:05:52'),('0020/TPMM-Barc.JABAR/IV/16','PT. ASTRA DAIHATSU MOTOR','2016-03-01','2016-03-31',1611,1611,0,0,0,1611,8055000,'2017-02-13 07:05:52'),('0021/TPMM-Barc.JABAR/IV/16','PT. AUTO 2000','2016-03-01','2016-03-31',1348,1348,1674,1674,0,3022,15110000,'2017-02-13 07:05:52'),('0022/TPMM-Barc.JABAR/IV/16','PT. ISTANA BANDUNG RAYA MOTOR','2016-03-01','2016-03-31',1454,1454,0,0,0,1454,7270000,'2017-02-13 07:05:52'),('0023/TPMM-Barc.JABAR/V/16','PT. AUTO 2000','2016-04-01','2016-04-30',1451,1451,1919,1919,0,3370,16850000,'2017-02-13 07:05:52'),('0024/TPMM-Barc.JABAR/V/16','PT. ASTRA DAIHATSU MOTOR','2016-04-01','2016-04-30',1644,1644,0,0,0,1644,8220000,'2017-02-13 07:05:52'),('0025/TPMM-Barc.JABAR/V/16','PT. CINTA DAMAI PUTRA BAHAGIA','2016-04-01','2016-04-30',105,105,0,0,0,105,525000,'2017-02-13 07:05:53'),('0026/TPMM-Barc.JABAR/V/16','PT. NUSANTARA JAYA SENTOSA','2016-04-01','2016-04-30',402,402,0,0,0,402,2010000,'2017-02-13 07:05:53'),('0027/TPMM-Barc.JABAR/V/16','PT. ISTANA BANDUNG RAYA MOTOR','2016-04-01','2016-04-30',1711,1711,0,0,0,1711,8555000,'2017-02-13 07:05:53'),('0030/TPMM-Barc.JABAR/V/16','PT. INSAN SARANA MAJU','2016-04-01','2016-04-30',5,5,0,0,0,5,25000,'2017-02-13 07:05:53'),('0031/TPMM-Barc.JABAR/V/16','PT. MAKMUR SAKTI','2016-04-01','2016-04-30',25,25,0,0,0,25,125000,'2017-02-13 07:05:53'),('0032/TPMM-Barc.JABAR/V/16','PT. SANGGAR MAS JAYA','2016-04-01','2016-04-30',51,51,0,0,0,51,255000,'2017-02-13 07:05:53'),('0033/TPMM-Barc.JABAR/V/16','PT. SILOAM MOTOR (KIA)','2016-04-01','2016-04-30',24,24,0,0,0,24,120000,'2017-02-13 07:05:53'),('0034/TPMM-Barc.JABAR/V/16','PT. SILOAM MOTOR (TATA)','2016-04-01','2016-04-30',3,3,0,0,0,3,15000,'2017-02-13 07:05:53'),('0035/TPMM-Barc.JABAR/VI/16','PT. ASTRA DAIHATSU MOTOR','2016-05-01','2016-05-31',1709,1709,0,0,0,1709,8545000,'2017-02-13 07:05:53'),('0036/TPMM-Barc.JABAR/VI/16','PT. CINTA DAMAI PUTRA BAHAGIA','2016-05-01','2016-05-31',116,116,0,0,0,116,580000,'2017-02-13 07:05:53'),('0037/TPMM-Barc.JABAR/VI/16','PT. INSAN SARANA MAJU','2016-05-01','2016-05-31',6,6,0,0,0,6,30000,'2017-02-13 07:05:53'),('0038/TPMM-Barc.JABAR/VI/16','PT. ISTANA BANDUNG RAYA MOTOR','2016-05-01','2016-05-31',1390,1390,0,0,0,1390,6950000,'2017-02-13 07:05:53'),('0039/TPMM-Barc.JABAR/VI/16','PT. MAKMUR SAKTI','2016-05-01','2016-05-31',16,16,0,0,0,16,80000,'2017-02-13 07:05:53'),('0040/TPMM-Barc.JABAR/VI/16','PT. NUSANTARA JAYA SENTOSA','2016-05-01','2016-05-31',399,399,0,0,0,399,1995000,'2017-02-13 07:05:53'),('0041/TPMM-Barc.JABAR/VI/16','PT. SALUYU VESPARIO','2016-05-01','2016-05-31',63,63,0,0,0,63,315000,'2017-02-13 07:05:53'),('0042/TPMM-Barc.JABAR/VI/16','PT. SANGGAR MAS JAYA','2016-05-01','2016-05-31',71,71,0,0,0,71,355000,'2017-02-13 07:05:53'),('0043/TPMM-Barc.JABAR/VI/16','PT. SILOAM MOTOR (KIA)','2016-05-01','2016-05-31',41,41,0,0,0,41,205000,'2017-02-13 07:05:53'),('0044/TPMM-Barc.JABAR/VI/16','PT. SILOAM MOTOR (TATA)','2016-05-01','2016-05-31',8,8,0,0,0,8,40000,'2017-02-13 07:05:53'),('0045/TPMM-Barc.JABAR/VI/16','PT. AUTO 2000','2016-05-01','2016-05-31',1851,1851,2250,2250,0,4101,20505000,'2017-02-13 07:05:53'),('0046/TPMM-Barc.JABAR/VII/16','PT. AUTO 2000','2016-06-01','2016-06-30',1855,1855,2326,2326,0,4181,20905000,'2017-02-13 07:05:53'),('0047/TPMM-Barc.JABAR/VII/16','PT. ASTRA DAIHATSU MOTOR','2016-06-01','2016-06-30',2189,2189,0,0,0,2189,10945000,'2017-02-13 07:05:53'),('0048/TPMM-Barc.JABAR/VII/16','PT. CINTA DAMAI PUTRA BAHAGIA','2016-06-01','2016-06-30',112,112,0,0,0,112,560000,'2017-02-13 07:05:53'),('0049/TPMM-Barc.JABAR/VII/16','PT. INSAN SARANA MAJU','2016-06-01','2016-06-30',29,29,0,0,0,29,145000,'2017-02-13 07:05:53'),('0050/TPMM-Barc.JABAR/VII/16','PT. MAKMUR SAKTI','2016-06-01','2016-06-30',21,21,0,0,0,21,105000,'2017-02-13 07:05:53'),('0051/TPMM-Barc.JABAR/VII/16','PT. NUSANTARA JAYA SENTOSA','2016-06-01','2016-06-30',422,422,0,0,0,422,2110000,'2017-02-13 07:05:53'),('0052/TPMM-Barc.JABAR/VII/16','PT. SALUYU VESPARIO','2016-06-01','2016-06-30',56,56,0,0,0,56,280000,'2017-02-13 07:05:53'),('0053/TPMM-Barc.JABAR/VII/16','PT. SANGGAR MAS JAYA','2016-06-01','2016-06-30',48,48,0,0,0,48,240000,'2017-02-13 07:05:53'),('0054/TPMM-Barc.JABAR/VII/16','PT. SILOAM MOTOR (KIA)','2016-06-01','2016-06-30',23,23,0,0,0,23,115000,'2017-02-13 07:05:53'),('0055/TPMM-Barc.JABAR/VII/16','PT. SILOAM MOTOR (TATA)','2016-06-01','2016-06-30',6,6,0,0,0,6,30000,'2017-02-13 07:05:53'),('0056/TPMM-Barc.JABAR/VII/16','PT. ISTANA BANDUNG RAYA MOTOR','2016-06-01','2016-06-30',2350,2350,0,0,0,2350,11750000,'2017-02-13 07:05:53'),('0057/TPMM-Barc.JABAR/VIII/16','PT. AUTO 2000','2016-07-01','2016-07-31',1187,1187,1459,1459,0,2646,13230000,'2017-02-13 07:05:53'),('0058/TPMM-Barc.JABAR/VIII/16','PT. ASTRA DAIHATSU MOTOR','2016-07-01','2016-07-31',1201,1201,0,0,0,1201,6005000,'2017-02-13 07:05:53'),('0059/TPMM-Barc.JABAR/VIII/16','PT. CINTA DAMAI PUTRA BAHAGIA','2016-07-01','2016-07-31',132,132,0,0,0,132,660000,'2017-02-13 07:05:53'),('0060/TPMM-Barc.JABAR/VIII/16','PT. GARUDA MATARAM MOTOR','2016-02-01','2016-07-31',35,35,0,0,0,35,175000,'2017-02-13 07:05:53'),('0061/TPMM-Barc.JABAR/VIII/16','PT. INSAN SARANA MAJU','2016-07-01','2016-07-31',7,7,0,0,0,7,35000,'2017-02-13 07:05:53'),('0062/TPMM-Barc.JABAR/VIII/16','PT. ISTANA BANDUNG RAYA MOTOR','2016-07-01','2016-07-31',1675,1675,0,0,0,1675,8375000,'2017-02-13 07:05:53'),('0063/TPMM-Barc.JABAR/VIII/16','PT. MAKMUR SAKTI','2016-07-01','2016-07-31',25,25,0,0,0,25,125000,'2017-02-13 07:05:53'),('0064/TPMM-Barc.JABAR/VIII/16','PT. NUSANTARA JAYA SENTOSA','2016-07-01','2016-07-31',247,247,0,0,0,247,1235000,'2017-02-13 07:05:53'),('0065/TPMM-Barc.JABAR/VIII/16','PT. SALUYU VESPARIO','2016-07-01','2016-07-31',89,89,0,0,0,89,445000,'2017-02-13 07:05:53'),('0066/TPMM-Barc.JABAR/VIII/16','PT. SANGGAR MAS JAYA','2016-07-01','2016-07-31',37,37,0,0,0,37,185000,'2017-02-13 07:05:53'),('0067/TPMM-Barc.JABAR/VIII/16','PT. SILOAM MOTOR (KIA)','2016-07-01','2016-07-31',18,18,0,0,0,18,90000,'2017-02-13 07:05:53'),('0068/TPMM-Barc.JABAR/VIII/16','PT. SILOAM MOTOR (TATA)','2016-07-01','2016-07-31',3,3,0,0,0,3,15000,'2017-02-13 07:05:53'),('0069/TPMM-Barc.JABAR/IX/16','PT. AUTO 2000','2016-08-01','2016-08-31',1298,1298,1611,1611,0,2909,14545000,'2017-02-13 07:05:53'),('0070/TPMM-Barc.JABAR/IX/16','PT. ASTRA DAIHATSU MOTOR','2016-08-01','2016-08-31',1855,1855,0,0,0,1855,9275000,'2017-02-13 07:05:53'),('0071/TPMM-Barc.JABAR/IX/16','PT. CINTA DAMAI PUTRA BAHAGIA','2016-08-01','2016-08-31',124,124,0,0,0,124,620000,'2017-02-13 07:05:53'),('0072/TPMM-Barc.JABAR/IX/16','PT. INSAN SARANA MAJU','2016-08-01','2016-08-31',6,6,0,0,0,6,30000,'2017-02-13 07:05:53'),('0073/TPMM-Barc.JABAR/IX/16','PT. ISTANA BANDUNG RAYA MOTOR','2016-08-01','2016-08-31',1977,1977,0,0,0,1977,9885000,'2017-02-13 07:05:54'),('0074/TPMM-Barc.JABAR/IX/16','PT. MAKMUR SAKTI','2016-08-01','2016-08-31',17,17,0,0,0,17,85000,'2017-02-13 07:05:54'),('0075/TPMM-Barc.JABAR/IX/16','PT. NUSANTARA JAYA SENTOSA','2016-08-01','2016-08-31',349,349,0,0,0,349,1745000,'2017-02-13 07:05:54'),('0076/TPMM-Barc.JABAR/IX/16','PT. SALUYU VESPARIO','2016-08-01','2016-08-31',105,105,0,0,0,105,525000,'2017-02-13 07:05:54'),('0077/TPMM-Barc.JABAR/IX/16','PT. SANGGAR MAS JAYA','2016-08-01','2016-08-31',73,73,0,0,0,73,365000,'2017-02-13 07:05:54'),('0078/TPMM-Barc.JABAR/IX/16','PT. SILOAM MOTOR (KIA)','2016-08-01','2016-08-31',15,15,0,0,0,15,75000,'2017-02-13 07:05:54'),('0079/TPMM-Barc.JABAR/IX/16','PT. SILOAM MOTOR (TATA)','2016-08-01','2016-08-31',8,8,0,0,0,8,40000,'2017-02-13 07:05:54'),('0080/TPMM-Barc.JABAR/X/16','PT. ASTRA DAIHATSU MOTOR','2016-09-01','2016-09-30',1592,1592,0,0,0,1592,7960000,'2017-02-13 07:05:54'),('0081/TPMM-Barc.JABAR/X/16','PT. CINTA DAMAI PUTRA BAHAGIA','2016-09-01','2016-09-30',128,128,0,0,0,128,640000,'2017-02-13 07:05:54'),('0082/TPMM-Barc.JABAR/X/16','PT. INSAN SARANA MAJU','2016-09-01','2016-09-30',21,21,0,0,0,21,105000,'2017-02-13 07:05:54'),('0083/TPMM-Barc.JABAR/X/16','PT. MAKMUR SAKTI','2016-09-01','2016-09-30',31,31,0,0,0,31,155000,'2017-02-13 07:05:54'),('0084/TPMM-Barc.JABAR/X/16','PT. NUSANTARA JAYA SENTOSA','2016-09-01','2016-09-30',400,400,0,0,0,400,2000000,'2017-02-13 07:05:54'),('0085/TPMM-Barc.JABAR/X/16','PT. SALUYU VESPARIO','2016-09-01','2016-09-30',110,110,0,0,0,110,550000,'2017-02-13 07:05:54'),('0086/TPMM-Barc.JABAR/X/16','PT. SANGGAR MAS JAYA','2016-09-01','2016-09-30',64,64,0,0,0,64,320000,'2017-02-13 07:05:54'),('0087/TPMM-Barc.JABAR/X/16','PT. SILOAM MOTOR (KIA)','2016-09-01','2016-09-30',26,26,0,0,0,26,130000,'2017-02-13 07:05:54'),('0088/TPMM-Barc.JABAR/X/16','PT. SILOAM MOTOR (TATA)','2016-09-01','2016-09-30',1,1,0,0,0,1,5000,'2017-02-13 07:05:54'),('0089/TPMM-Barc.JABAR/X/16','PT. ISTANA BANDUNG RAYA MOTOR','2016-09-01','2016-09-30',1919,1919,0,0,0,1919,9595000,'2017-02-13 07:05:54'),('0090/TPMM-Barc.JABAR/X/16','PT. AUTO 2000','2016-09-01','2016-09-30',4217,4217,0,0,0,4217,21085000,'2017-02-13 07:05:54'),('0091/TPMM-Barc.JABAR/XI/16','PT. ASTRA DAIHATSU MOTOR','2016-10-01','2016-10-31',1500,1500,0,0,0,1500,7500000,'2017-02-13 07:05:54'),('0092/TPMM-Barc.JABAR/XI/16','PT. CINTA DAMAI PUTRA BAHAGIA','2016-10-01','2016-10-31',110,110,0,0,0,110,550000,'2017-02-13 07:05:54'),('0093/TPMM-Barc.JABAR/XI/16','PT. INSAN SARANA MAJU','2016-10-01','2016-10-31',12,12,0,0,0,12,60000,'2017-02-13 07:05:54'),('0094/TPMM-Barc.JABAR/XI/16','PT. ISTANA BANDUNG RAYA MOTOR','2016-10-01','2016-10-31',1880,1880,0,0,0,1880,9400000,'2017-02-13 07:05:54'),('0095/TPMM-Barc.JABAR/XI/16','PT. MAKMUR SAKTI','2016-10-01','2016-10-31',30,30,0,0,0,30,150000,'2017-02-13 07:05:54'),('0096/TPMM-Barc.JABAR/XI/16','PT. NUSANTARA JAYA SENTOSA','2016-10-01','2016-10-31',328,328,0,0,0,328,1640000,'2017-02-13 07:05:54'),('0097/TPMM-Barc.JABAR/XI/16','PT. SALUYU VESPARIO','2016-10-01','2016-10-31',94,94,0,0,0,94,470000,'2017-02-13 07:05:54'),('0098/TPMM-Barc.JABAR/XI/16','PT. SANGGAR MAS JAYA','2016-10-01','2016-10-31',44,44,0,0,0,44,220000,'2017-02-13 07:05:54'),('0099/TPMM-Barc.JABAR/XI/16','PT. SILOAM MOTOR (KIA)','2016-10-01','2016-10-31',16,16,0,0,0,16,80000,'2017-02-13 07:05:54'),('0100/TPMM-Barc.JABAR/XI/16','PT. SILOAM MOTOR (TATA)','2016-10-01','2016-10-31',8,8,0,0,0,8,40000,'2017-02-13 07:05:54'),('0101/TPMM-Barc.JABAR/XI/16','PT. AUTO 2000','2016-10-01','2016-10-31',3704,3704,0,0,0,3704,18520000,'2017-02-13 07:05:54'),('0112/TPMM-Barc.JABAR/XII/16','PT. ASTRA DAIHATSU MOTOR','2016-11-01','2016-11-30',1927,1927,0,0,0,1927,9635000,'2017-02-13 07:05:54'),('0102/TPMM-Barc.JABAR/XII/16','PT. CINTA DAMAI PUTRA BAHAGIA','2016-11-01','2016-11-30',151,151,0,0,0,151,755000,'2017-02-13 07:05:54'),('0103/TPMM-Barc.JABAR/XII/16','PT. INSAN SARANA MAJU','2016-11-01','2016-11-30',19,19,0,0,0,19,95000,'2017-02-13 07:05:54'),('0104/TPMM-Barc.JABAR/XII/16','PT. MAKMUR SAKTI','2016-11-01','2016-11-30',22,22,0,0,0,22,110000,'2017-02-13 07:05:54'),('0105/TPMM-Barc.JABAR/XII/16','PT. NUSANTARA JAYA SENTOSA','2016-11-01','2016-11-30',504,504,0,0,0,504,2520000,'2017-02-13 07:05:54'),('0106/TPMM-Barc.JABAR/XII/16','PT. SALUYU VESPARIO','2016-11-01','2016-11-30',88,88,0,0,0,88,440000,'2017-02-13 07:05:54'),('0107/TPMM-Barc.JABAR/XII/16','PT. SANGGAR MAS JAYA','2016-11-01','2016-11-30',63,63,0,0,0,63,315000,'2017-02-13 07:05:54'),('0108/TPMM-Barc.JABAR/XII/16','PT. SILOAM MOTOR (KIA)','2016-11-01','2016-11-30',17,17,0,0,0,17,85000,'2017-02-13 07:05:54'),('0109/TPMM-Barc.JABAR/XII/16','PT. SILOAM MOTOR (TATA)','2016-11-01','2016-11-30',5,5,0,0,0,5,25000,'2017-02-13 07:05:54'),('0110/TPMM-Barc.JABAR/XII/16','PT. ISTANA BANDUNG RAYA MOTOR','2016-11-01','2016-11-30',2039,2039,0,0,0,2039,10195000,'2017-02-13 07:05:54'),('0111/TPMM-Barc.JABAR/XII/16','PT. AUTO 2000','2016-11-01','2016-11-30',3844,3844,0,0,0,3844,19220000,'2017-02-13 07:05:54'),('0113/TPMM-Barc.JABAR/XII/16','PT. ASTRA DAIHATSU MOTOR','2016-12-01','2016-12-31',2487,2487,0,0,0,2487,12435000,'2017-02-13 07:05:54'),('0114/TPMM-Barc.JABAR/I/17','PT. AUTO 2000','2016-12-01','2016-12-31',3523,3523,0,0,0,3523,17615000,'2017-02-13 07:05:54'),('0115/TPMM-Barc.JABAR/I/17','PT. CINTA DAMAI PUTRA BAHAGIA','2016-12-01','2016-12-31',129,129,0,0,0,129,645000,'2017-02-13 07:05:54'),('0116/TPMM-Barc.JABAR/I/17','PT. INSAN SARANA MAJU','2016-12-01','2016-12-31',37,37,0,0,0,37,185000,'2017-02-13 07:05:54'),('0117/TPMM-Barc.JABAR/I/17','PT. MAKMUR SAKTI','2016-12-01','2016-12-31',11,11,0,0,0,11,55000,'2017-02-13 07:05:54'),('0118/TPMM-Barc.JABAR/I/17','PT. NUSANTARA JAYA SENTOSA','2016-12-01','2016-12-31',515,515,0,0,0,515,2575000,'2017-02-13 07:05:54'),('0119/TPMM-Barc.JABAR/I/17','PT. SALUYU VESPARIO','2016-12-01','2016-12-31',64,64,0,0,0,64,320000,'2017-02-13 07:05:54'),('0120/TPMM-Barc.JABAR/I/17','PT. SANGGAR MAS JAYA','2016-12-01','2016-12-31',58,58,0,0,0,58,290000,'2017-02-13 07:05:54'),('0121/TPMM-Barc.JABAR/I/17','PT. SILOAM MOTOR (KIA)','2016-12-01','2016-12-31',8,8,0,0,0,8,40000,'2017-02-13 07:05:54'),('0122/TPMM-Barc.JABAR/I/17','PT. SILOAM MOTOR (TATA)','2016-12-01','2016-12-31',4,4,0,0,0,4,20000,'2017-02-13 07:05:55'),('0123/TPMM-Barc.JABAR/I/17','PT. ISTANA BANDUNG RAYA MOTOR','2016-12-01','2016-12-31',3362,3362,0,0,0,3362,16810000,'2017-02-13 07:05:55'),('0124/TPMM-Barc.JABAR/II/17','PT. AUTO 2000','2017-01-01','2017-01-31',3447,3447,0,0,0,3447,17235000,'2017-02-13 07:05:55'),('0125/TPMM-Barc.JABAR/II/17','PT. ASTRA DAIHATSU MOTOR','2017-01-01','2017-01-31',1473,1473,0,0,0,1473,7365000,'2017-02-13 07:05:55'),('0126/TPMM-Barc.JABAR/II/17','PT. CINTA DAMAI PUTRA BAHAGIA','2017-01-01','2017-01-31',115,115,0,0,0,115,575000,'2017-02-13 07:05:55'),('0127/TPMM-Barc.JABAR/II/17','PT. GARUDA MATARAM MOTOR','2016-08-01','2017-01-31',33,33,0,0,0,33,165000,'2017-02-13 07:05:55'),('0128/TPMM-Barc.JABAR/II/17','PT. INSAN SARANA MAJU','2017-01-01','2017-01-31',3,3,0,0,0,3,15000,'2017-02-13 07:05:55'),('0129/TPMM-Barc.JABAR/II/17','PT. MAKMUR SAKTI','2017-01-01','2017-01-31',9,9,0,0,0,9,45000,'2017-02-13 07:05:55'),('0130/TPMM-Barc.JABAR/II/17','PT. NUSANTARA JAYA SENTOSA','2017-01-01','2017-01-31',452,452,0,0,0,452,2260000,'2017-02-13 07:05:55'),('0131/TPMM-Barc.JABAR/II/17','PT. SALUYU VESPARIO','2017-01-01','2017-01-31',115,115,0,0,0,115,575000,'2017-02-13 07:05:55'),('0132/TPMM-Barc.JABAR/II/17','PT. SANGGAR MAS JAYA','2017-01-01','2017-01-31',37,37,0,0,0,37,185000,'2017-02-13 07:05:55'),('0133/TPMM-Barc.JABAR/II/17','PT. SILOAM MOTOR (KIA)','2017-01-01','2017-01-31',10,10,0,0,0,10,50000,'2017-02-13 07:05:55'),('0134/TPMM-Barc.JABAR/II/17','PT. SILOAM MOTOR (TATA)','2017-01-01','2017-01-31',6,6,0,0,0,6,30000,'2017-02-13 07:05:55'),('0135/TPMM-Barc.JABAR/II/17','PT. ISTANA BANDUNG RAYA MOTOR','2017-01-01','2017-01-31',2556,2556,0,0,0,2556,12780000,'2017-02-13 07:05:55'),('0136/TPMM-Barc.JABAR/II/17','PT. DAYA ADICIPTA MOTORA (METRO)','2016-12-20','2017-01-31',22607,22607,0,0,0,22607,74603100,'2017-02-16 03:15:05'),('0137/TPMM-Barc.JABAR/II/17','PT. DAYA ADICIPTA MOTORA (JABAR)','2016-12-20','2017-01-31',66596,66596,0,0,0,66596,214266800,'2017-02-16 03:14:53'),('0138/TPMM-Barc.JABAR/II/17','PT. ASTRA DAIHATSU MOTOR','2017-01-01','2017-01-31',1774,1774,0,0,0,1774,3902800,'2017-02-16 03:14:40'),('0139/TPMM-Barc.JABAR/II/17','PT. WAHANA MAKMUR SEJATI','2017-01-01','2017-01-31',30445,30445,0,0,30445,30445,100468500,'2017-02-16 03:14:21'),('0140/TPMM-Barc.JABAR/III/17','PT. AUTO 2000','2017-02-01','2017-02-28',3134,3134,0,0,0,3134,17237000,'2017-03-02 04:01:35'),('0141/TPMM-Barc.JABAR/III/17','PT. ASTRA DAIHATSU MOTOR','2017-02-01','2017-02-28',1546,1546,0,0,0,1546,8503000,'2017-03-06 04:06:05'),('0142/TPMM-Barc.JABAR/III/17','PT. CINTA DAMAI PUTRA BAHAGIA','2017-02-01','2017-02-28',99,99,0,0,0,99,544500,'2017-03-06 04:06:23'),('0143/TPMM-Barc.JABAR/III/17','PT. INSAN SARANA MAJU','2017-02-01','2017-02-28',19,19,0,0,0,19,104500,'2017-03-06 04:06:38'),('0144/TPMM-Barc.JABAR/III/17','PT. ISTANA BANDUNG RAYA MOTOR','2017-02-01','2017-02-28',1883,1883,0,0,0,1883,9415000,'2017-03-08 04:04:55'),('0145/TPMM-Barc.JABAR/III/17','PT. MAKMUR SAKTI','2017-02-01','2017-02-28',17,17,0,0,0,17,93500,'2017-03-06 04:07:20'),('0146/TPMM-Barc.JABAR/III/17','PT. NUSANTARA JAYA SENTOSA','2017-02-01','2017-02-28',318,318,0,0,0,318,1749000,'2017-03-06 04:07:35'),('0147/TPMM-Barc.JABAR/III/17','PT. SALUYU VESPARIO','2017-02-01','2017-02-28',78,78,0,0,0,78,429000,'2017-03-06 04:07:48'),('0148/TPMM-Barc.JABAR/III/17','PT. SILOAM MOTOR (KIA)','2017-02-01','2017-02-28',10,10,0,0,0,10,55000,'2017-03-06 04:09:10'),('0149/TPMM-Barc.JABAR/III/17','PT. SILOAM MOTOR (TATA)','2017-02-01','2017-02-28',4,4,0,0,0,4,22000,'2017-03-06 04:10:59'),('0150/TPMM-Barc.JABAR/III/17','PT. SANGGAR MAS JAYA','2017-02-01','2017-02-28',86,86,0,0,0,86,473000,'2017-03-06 04:11:57'),('0151/TPMM-Barc.JABAR/III/17','PT. ASTRA MOTOR JAKARTA','2017-02-01','2017-02-28',1947,1947,0,0,0,1947,4283400,'2017-03-06 04:23:11'),('0152/TPMM-Barc.JABAR/III/17','PT. WAHANA MAKMUR SEJATI','2017-02-01','2017-02-28',29766,29766,0,0,29766,29766,98227800,'2017-03-07 04:34:30'),('0153/TPMM-Barc.JABAR/III/17','PT. DAYA ADICIPTA MOTORA (JABAR)','2017-02-01','2017-02-28',38447,38447,0,0,0,38447,121375100,'2017-03-07 04:39:44'),('0154/TPMM-Barc.JABAR/III/17','PT. DAYA ADICIPTA MOTORA (METRO)','2017-02-01','2017-02-28',13923,13923,0,0,0,13923,45945900,'2017-03-07 04:39:32'),('0155/TPMM-Barc.JABAR/IV/17','PT. AUTO 2000','2017-03-01','2017-03-31',3607,3607,0,0,0,3607,18035000,'2017-04-05 07:01:10'),('0156/TPMM-Barc.JABAR/IV/17','PT. ASTRA DAIHATSU MOTOR','2017-03-01','2017-03-31',1616,1616,0,0,0,1616,8080000,'2017-04-05 07:42:14'),('0157/TPMM-Barc.JABAR/IV/17','PT. CINTA DAMAI PUTRA BAHAGIA','2017-03-01','2017-03-31',92,92,0,0,0,92,460000,'2017-04-05 07:43:25'),('0158/TPMM-Barc.JABAR/IV/17','PT. INSAN SARANA MAJU','2017-03-01','2017-03-31',30,30,0,0,0,30,150000,'2017-04-05 07:43:38'),('0159/TPMM-Barc.JABAR/IV/17','PT. MAKMUR SAKTI','2017-03-01','2017-03-31',18,18,0,0,0,18,90000,'2017-04-05 07:45:27'),('0160/TPMM-Barc.JABAR/IV/17','PT. NUSANTARA JAYA SENTOSA','2017-03-01','2017-03-31',415,415,0,0,0,415,2075000,'2017-04-05 07:46:15'),('0161/TPMM-Barc.JABAR/IV/17','PT. SALUYU VESPARIO','2017-03-01','2017-03-31',95,95,0,0,0,95,475000,'2017-04-05 07:46:55'),('0162/TPMM-Barc.JABAR/IV/17','PT. SANGGAR MAS JAYA','2017-03-01','2017-03-31',120,120,0,0,0,120,600000,'2017-04-05 07:48:10'),('0163/TPMM-Barc.JABAR/IV/17','PT. SILOAM MOTOR (KIA)','2017-03-01','2017-03-31',18,18,0,0,0,18,90000,'2017-04-05 07:48:45'),('0164/TPMM-Barc.JABAR/IV/17','PT. SILOAM MOTOR (TATA)','2017-03-01','2017-03-31',16,16,0,0,0,16,80000,'2017-04-05 07:49:14'),('0165/TPMM-Barc.JABAR/IV/17','PT. ASTRA MOTOR JAKARTA','2017-03-01','2017-03-31',2037,2037,0,0,0,2037,4481400,'2017-04-05 07:50:06'),('0166/TPMM-Barc.JABAR/IV/17','PT. WAHANA MAKMUR SEJATI','2017-03-01','2017-03-31',32609,32069,0,0,0,32609,71145800,'2017-04-05 07:50:31'),('0167/TPMM-Barc.JABAR/IV/17','PT. ISTANA BANDUNG RAYA MOTOR','2017-03-01','2017-03-31',2087,2087,0,0,0,2087,10435000,'2017-04-07 08:09:14'),('0168/TPMM-Barc.JABAR/V/17','PT. AUTO 2000','2017-04-01','2017-04-30',2687,2687,0,0,0,2687,13435000,'2017-05-02 07:04:05'),('0169/TPMM-Barc.JABAR/V/17','PT. ASTRA DAIHATSU MOTOR','2017-04-01','2017-04-30',1733,1733,0,0,0,1733,8665000,'2017-05-03 03:00:27'),('0170/TPMM-Barc.JABAR/V/17','PT. CINTA DAMAI PUTRA BAHAGIA','2017-04-01','2017-04-30',123,123,0,0,0,123,615000,'2017-05-03 03:26:01'),('0171/TPMM-Barc.JABAR/V/17','PT. INSAN SARANA MAJU','2017-04-01','2017-04-30',22,22,0,0,0,22,110000,'2017-05-03 03:26:38'),('0172/TPMM-Barc.JABAR/V/17','PT. MAKMUR SAKTI','2017-04-01','2017-04-30',18,18,0,0,0,18,90000,'2017-05-03 03:27:15'),('0173/TPMM-Barc.JABAR/V/17','PT. NUSANTARA JAYA SENTOSA','2017-04-01','2017-04-30',337,337,0,0,0,337,1685000,'2017-05-03 03:28:05'),('0174/TPMM-Barc.JABAR/V/17','PT. SALUYU VESPARIO','2017-04-01','2017-04-30',63,63,0,0,0,63,315000,'2017-05-03 03:28:42'),('0175/TPMM-Barc.JABAR/V/17','PT. SANGGAR MAS JAYA','2017-04-01','2017-04-30',92,92,0,0,0,92,460000,'2017-05-03 03:32:51'),('0176/TPMM-Barc.JABAR/V/17','PT. ISTANA BANDUNG RAYA MOTOR','2017-04-01','2017-04-30',1907,1907,0,0,0,1907,9535000,'2017-05-05 03:14:59'),('0177/TPMM-Barc.JABAR/VI/17','PT. AUTO 2000','2017-05-01','2017-05-31',3661,3661,0,0,0,3661,18305000,'2017-06-02 09:24:53'),('0178/TPMM-Barc.JABAR/VI/17','PT. ASTRA DAIHATSU MOTOR','2017-05-01','2017-05-31',2093,2093,0,0,0,2093,10465000,'2017-06-05 08:31:48'),('0179/TPMM-Barc.JABAR/VI/17','PT. CINTA DAMAI PUTRA BAHAGIA','2017-05-01','2017-05-31',136,136,0,0,0,136,680000,'2017-06-05 08:32:01'),('0180/TPMM-Barc.JABAR/VI/17','PT. INSAN SARANA MAJU','2017-05-01','2017-05-31',41,41,0,0,0,41,205000,'2017-06-05 08:32:18'),('0181/TPMM-Barc.JABAR/VI/17','PT. MAKMUR SAKTI','2017-05-01','2017-05-31',27,27,0,0,0,27,135000,'2017-06-05 08:32:33'),('0182/TPMM-Barc.JABAR/VI/17','PT. NUSANTARA JAYA SENTOSA','2017-05-01','2017-05-31',471,471,0,0,0,471,2355000,'2017-06-05 08:32:49'),('0183/TPMM-Barc.JABAR/VI/17','PT. SALUYU VESPARIO','2017-05-01','2017-05-31',131,131,0,0,0,131,655000,'2017-06-05 08:33:04'),('0184/TPMM-Barc.JABAR/VI/17','PT. SANGGAR MAS JAYA','2017-05-01','2017-05-31',104,104,0,0,0,104,520000,'2017-06-05 08:33:17'),('0185/TPMM-Barc.JABAR/VI/17','PT. SILOAM MOTOR (KIA)','2017-05-01','2017-05-31',8,8,0,0,0,8,40000,'2017-06-05 08:33:32'),('0186/TPMM-Barc.JABAR/VI/17','PT. ISTANA BANDUNG RAYA MOTOR','2017-05-01','2017-05-31',2359,2359,0,0,0,2359,11795000,'2017-06-07 05:35:18'),('0187/TPMM-Barc.JABAR/VII/17','PT. AUTO 2000','2017-06-01','2017-06-30',2916,2916,0,0,0,2916,14580000,'2017-07-04 08:15:12'),('0188/TPMM-Barc.JABAR/VII/17','PT. ASTRA DAIHATSU MOTOR','2017-06-01','2017-06-30',1800,1800,0,0,0,1800,9000000,'2017-07-04 08:23:33'),('0189/TPMM-Barc.JABAR/VII/17','PT. NUSANTARA JAYA SENTOSA','2017-06-01','2017-06-30',536,536,0,0,0,536,2680000,'2017-07-04 09:31:42'),('0190/TPMM-Barc.JABAR/VII/17','PT. INSAN SARANA MAJU','2017-06-01','2017-06-30',14,14,0,0,0,14,70000,'2017-07-04 09:39:31'),('0191/TPMM-Barc.JABAR/VII/17','PT. CINTA DAMAI PUTRA BAHAGIA','2017-06-01','2017-06-30',103,103,0,0,0,103,515000,'2017-07-04 09:40:53'),('0192/TPMM-Barc.JABAR/VII/17','PT. MAKMUR SAKTI','2017-06-01','2017-06-30',26,26,0,0,0,26,130000,'2017-07-04 09:41:37'),('0193/TPMM-Barc.JABAR/VII/17','PT. SALUYU VESPARIO','2017-06-01','2017-06-30',66,66,0,0,0,66,330000,'2017-07-04 09:42:21'),('0194/TPMM-Barc.JABAR/VII/17','PT. SANGGAR MAS JAYA','2017-06-01','2017-06-30',71,71,0,0,0,71,355000,'2017-07-04 09:43:01'),('0195/TPMM-Barc.JABAR/VII/17','PT. ISTANA BANDUNG RAYA MOTOR','2017-06-01','2017-06-30',2220,2220,0,0,0,2220,11100000,'2017-07-05 07:50:57'),('0196/TPMM-Barc.JABAR/VIII/17','PT. ASTRA DAIHATSU MOTOR','2017-07-01','2017-07-31',1446,1446,0,0,0,1446,7230000,'2017-08-01 08:19:31'),('0197/TPMM-Barc.JABAR/VIII/17','PT. CINTA DAMAI PUTRA BAHAGIA','2017-07-01','2017-07-31',182,182,0,0,0,182,910000,'2017-08-01 08:40:19'),('0198/TPMM-Barc.JABAR/VIII/17','PT. AUTO 2000','2017-07-01','2017-07-31',3919,3919,0,0,0,3919,19595000,'2017-08-01 09:35:29'),('0199/TPMM-Barc.JABAR/VIII/17','PT. INSAN SARANA MAJU','2017-07-01','2017-07-31',53,53,0,0,0,53,265000,'2017-08-02 08:49:29'),('0200/TPMM-Barc.JABAR/VIII/17','PT. MAKMUR SAKTI','2017-07-01','2017-07-31',32,32,0,0,0,32,160000,'2017-08-02 08:50:55'),('0201/TPMM-Barc.JABAR/VIII/17','PT. NUSANTARA JAYA SENTOSA','2017-07-01','2017-07-31',654,654,0,0,0,654,3270000,'2017-08-02 08:52:22'),('0202/TPMM-Barc.JABAR/VIII/17','PT. SALUYU VESPARIO','2017-07-01','2017-07-31',119,119,0,0,0,119,595000,'2017-08-02 08:53:20'),('0203/TPMM-Barc.JABAR/VIII/17','PT. SANGGAR MAS JAYA','2017-07-01','2017-07-31',89,89,0,0,0,89,445000,'2017-08-02 08:54:11'),('0204/TPMM-Barc.JABAR/VIII/17','PT. SILOAM MOTOR (KIA)','2017-07-01','2017-07-31',6,6,0,0,0,6,30000,'2017-08-02 08:55:22'),('0205/TPMM-Barc.JABAR/VIII/17','PT. ISTANA BANDUNG RAYA MOTOR','2017-07-01','2017-07-31',2857,2857,0,0,0,2857,14285000,'2017-08-02 09:40:29'),('0206/TPMM-Barc.JABAR/IX/17','PT. AUTO 2000','2017-08-01','2017-08-31',3430,3430,0,0,0,3430,17150000,'2017-09-04 08:53:46'),('0207/TPMM-Barc.JABAR/IX/17','PT. ASTRA DAIHATSU MOTOR','2017-08-01','2017-08-31',1999,1999,0,0,0,1999,9995000,'2017-09-05 02:24:47'),('0208/TPMM-Barc.JABAR/IX/17','PT. CINTA DAMAI PUTRA BAHAGIA','2017-08-01','2017-08-31',166,166,0,0,0,166,830000,'2017-09-05 02:25:19'),('0209/TPMM-Barc.JABAR/IX/17','PT. INSAN SARANA MAJU','2017-08-01','2017-08-31',36,36,0,0,0,36,180000,'2017-09-05 02:26:06'),('0210/TPMM-Barc.JABAR/IX/17','PT. MAKMUR SAKTI','2017-08-01','2017-08-31',21,21,0,0,0,21,105000,'2017-09-05 02:27:34'),('0211/TPMM-Barc.JABAR/IX/17','PT. NUSANTARA JAYA SENTOSA','2017-08-01','2017-08-31',586,586,0,0,0,586,2930000,'2017-09-05 02:28:29'),('0212/TPMM-Barc.JABAR/IX/17','PT. SALUYU VESPARIO','2017-08-01','2017-08-31',110,110,0,0,0,110,550000,'2017-09-05 02:29:26'),('0213/TPMM-Barc.JABAR/IX/17','PT. SANGGAR MAS JAYA','2017-08-01','2017-08-31',89,89,0,0,0,89,445000,'2017-09-05 02:30:36'),('0214/TPMM-Barc.JABAR/IX/17','PT. SILOAM MOTOR (KIA)','2017-08-01','2017-08-31',16,16,0,0,0,16,80000,'2017-09-05 02:31:13'),('0215/TPMM-Barc.JABAR/IX/17','PT. ISTANA BANDUNG RAYA MOTOR','2017-08-01','2017-08-31',2354,2354,0,0,0,2354,11770000,'2017-09-05 02:43:24'),('0216/TPMM-Barc.JABAR/X/17','PT. AUTO 2000','2017-09-01','2017-09-01',2778,2778,0,0,0,2778,13890000,'2017-10-03 08:00:09'),('0217/TPMM-Barc.JABAR/X/17','PT. ASTRA DAIHATSU MOTOR','2017-09-01','2017-09-30',1807,1807,0,0,0,1807,9035000,'2017-10-03 07:33:26'),('0218/TPMM-Barc.JABAR/X/17','PT. CINTA DAMAI PUTRA BAHAGIA','2017-09-01','2017-09-30',206,206,0,0,0,206,1030000,'2017-10-03 07:39:22'),('0219/TPMM-Barc.JABAR/X/17','PT. GARUDA MATARAM MOTOR','2017-02-01','2017-09-30',36,36,0,0,0,36,180000,'2017-10-03 07:44:18'),('0220/TPMM-Barc.JABAR/X/17','PT. INSAN SARANA MAJU','2017-09-01','2017-09-30',37,37,0,0,0,37,185000,'2017-10-03 07:55:05'),('0221/TPMM-Barc.JABAR/X/17','PT. ISTANA BANDUNG RAYA MOTOR','2017-09-01','2017-09-30',1908,1908,0,0,0,1908,9540000,'2017-10-03 08:43:17'),('0222/TPMM-Barc.JABAR/X/17','PT. MAKMUR SAKTI','2017-09-01','2017-09-30',22,22,0,0,0,22,110000,'2017-10-03 07:55:28'),('0223/TPMM-Barc.JABAR/X/17','PT. NUSANTARA JAYA SENTOSA','2017-09-01','2017-09-30',395,395,0,0,0,395,1975000,'2017-10-03 07:55:46'),('0224/TPMM-Barc.JABAR/X/17','PT. SALUYU VESPARIO','2017-09-01','2017-09-30',145,145,0,0,0,145,725000,'2017-10-03 08:45:09'),('0225/TPMM-Barc.JABAR/X/17','PT. SANGGAR MAS JAYA','2017-09-01','2017-09-30',58,58,0,0,0,58,290000,'2017-10-03 07:54:28'),('0226/TPMM-Barc.JABAR/X/17','PT. SGMW MOTOR INDONESIA','2017-08-31','2017-09-30',314,314,0,0,0,314,1570000,'2017-11-15 02:34:17'),('0227/TPMM-Barc.JABAR/XI/17','PT. AUTO 2000','2017-10-01','2017-10-31',3014,3014,0,0,0,3014,15070000,'2017-11-02 04:27:36'),('0228/TPMM-Barc.JABAR/XI/17','PT. ASTRA DAIHATSU MOTOR','2017-10-01','2017-10-31',1604,1604,0,0,0,1604,8020000,'2017-11-02 07:23:15'),('0229/TPMM-Barc.JABAR/XI/17','PT. CINTA DAMAI PUTRA BAHAGIA','2017-10-01','2017-10-31',136,136,0,0,0,136,680000,'2017-11-02 07:27:19'),('0230/TPMM-Barc.JABAR/XI/17','PT. INSAN SARANA MAJU','2017-10-01','2017-10-31',35,35,0,0,0,35,175000,'2017-11-02 07:28:41'),('0231/TPMM-Barc.JABAR/XI/17','PT. MAKMUR SAKTI','2017-10-01','2017-10-31',19,19,0,0,0,19,95000,'2017-11-02 07:29:32'),('0232/TPMM-Barc.JABAR/XI/17','PT. NUSANTARA JAYA SENTOSA','2017-10-01','2017-10-31',500,500,0,0,0,500,2500000,'2017-11-02 07:30:24'),('0233/TPMM-Barc.JABAR/XI/17','PT. SALUYU VESPARIO','2017-10-01','2017-10-31',111,111,0,0,0,111,555000,'2017-11-02 07:31:10'),('0234/TPMM-Barc.JABAR/XI/17','PT. SANGGAR MAS JAYA','2017-10-01','2017-10-31',59,59,0,0,0,59,295000,'2017-11-02 07:32:17'),('0235/TPMM-Barc.JABAR/XI/17','PT. SGMW MOTOR INDONESIA','2017-10-01','2017-10-31',493,493,0,0,0,493,2465000,'2017-11-14 06:02:13'),('0236/TPMM-Barc.JABAR/XI/17','PT. ISTANA BANDUNG RAYA MOTOR','2017-10-01','2017-10-31',2241,2241,0,0,0,2241,11205000,'2017-11-02 08:04:10'),('0237/TPMM-Barc.JABAR/XI/17','PT. DAYA ADICIPTA MOTORA (JABAR)','2017-03-01','2017-03-31',43766,43766,0,0,0,43766,138927800,'2017-11-06 04:43:13'),('0238/TPMM-Barc.JABAR/XI/17','PT. DAYA ADICIPTA MOTORA (JABAR)','2017-04-01','2017-04-30',40469,40469,0,0,0,40469,128047700,'2017-12-11 05:50:28'),('0239/TPMM-Barc.JABAR/XI/17','PT. DAYA ADICIPTA MOTORA (JABAR)','2017-05-01','2017-05-31',56192,56192,0,0,0,56192,179933600,'2017-11-06 04:44:33'),('0240/TPMM-Barc.JABAR/XI/17','PT. DAYA ADICIPTA MOTORA (JABAR)','2017-06-01','2017-06-30',41223,41223,0,0,0,41223,130535900,'2017-11-06 04:45:01'),('0241/TPMM-Barc.JABAR/XI/17','PT. DAYA ADICIPTA MOTORA (JABAR)','2017-07-01','2017-07-31',67332,67332,0,0,0,67332,216695600,'2017-11-06 04:45:30'),('0242/TPMM-Barc.JABAR/XI/17','PT. DAYA ADICIPTA MOTORA (JABAR)','2017-08-01','2017-08-31',57483,57483,0,0,0,57483,184193900,'2017-11-06 04:45:53'),('0243/TPMM-Barc.JABAR/XI/17','PT. DAYA ADICIPTA MOTORA (JABAR)','2017-09-01','2017-09-30',50883,50883,0,0,0,50883,162413900,'2017-11-06 04:46:21'),('0244/TPMM-Barc.JABAR/XI/17','PT. DAYA ADICIPTA MOTORA (METRO)','2017-03-01','2017-03-31',16235,16235,0,0,0,16235,53575500,'2017-11-06 04:47:03'),('0245/TPMM-Barc.JABAR/XI/17','PT. DAYA ADICIPTA MOTORA (METRO)','2017-04-01','2017-04-30',15365,15365,0,0,0,15365,50704500,'2017-11-06 04:47:28'),('0246/TPMM-Barc.JABAR/XI/17','PT. DAYA ADICIPTA MOTORA (METRO)','2017-05-01','2017-05-31',19457,19457,0,0,0,19457,64208100,'2017-11-06 04:47:58'),('0247/TPMM-Barc.JABAR/XI/17','PT. DAYA ADICIPTA MOTORA (METRO)','2017-06-01','2017-06-30',13788,13788,0,0,0,13788,45500400,'2017-11-06 04:48:30'),('0248/TPMM-Barc.JABAR/XI/17','PT. DAYA ADICIPTA MOTORA (METRO)','2017-07-01','2017-07-31',23867,23867,0,0,0,23867,78761100,'2017-11-06 04:48:53'),('0249/TPMM-Barc.JABAR/XI/17','PT. DAYA ADICIPTA MOTORA (METRO)','2017-08-01','2017-08-31',23170,23170,0,0,0,23170,76461000,'2017-11-06 04:49:13'),('0250/TPMM-Barc.JABAR/XI/17','PT. DAYA ADICIPTA MOTORA (METRO)','2017-09-01','2017-09-30',19780,19780,0,0,0,19780,65274000,'2017-11-06 04:50:06'),('0251/TPMM-Barc.JABAR/XI/17','PT. DAYA ADICIPTA MOTORA (METRO)','2017-10-01','2017-10-31',20764,20764,0,0,0,20764,68521200,'2017-11-21 05:24:30'),('0252/TPMM-Barc.JABAR/XI/17','PT. DAYA ADICIPTA MOTORA (JABAR)','2017-10-01','2017-10-31',52453,52453,0,0,0,52453,167594900,'2017-11-21 05:24:47'),('0255/TPMM-Barc.JABAR/XII/17','PT. AUTO 2000','2017-11-01','2017-11-30',2851,2851,0,0,0,2851,14255000,'2017-12-04 10:29:16'),('0256/TPMM-Barc.JABAR/XII/17','PT. ASTRA DAIHATSU MOTOR','2017-11-01','2017-11-30',1637,1637,0,0,0,1637,8185000,'2017-12-05 08:57:12'),('0257/TPMM-Barc.JABAR/XII/17','PT. CINTA DAMAI PUTRA BAHAGIA','2017-11-01','2017-11-30',126,126,0,0,0,126,630000,'2017-12-05 08:59:50'),('0258/TPMM-Barc.JABAR/XII/17','PT. INSAN SARANA MAJU','2017-11-01','2017-11-30',38,38,0,0,0,38,190000,'2017-12-05 09:01:37'),('0259/TPMM-Barc.JABAR/XII/17','PT. MAKMUR SAKTI','2017-11-01','2017-11-30',17,17,0,0,0,17,85000,'2017-12-05 09:07:26'),('0260/TPMM-Barc.JABAR/XII/17','PT. NUSANTARA JAYA SENTOSA','2017-11-01','2017-11-30',452,452,0,0,0,452,2260000,'2017-12-05 09:15:42'),('0261/TPMM-Barc.JABAR/XII/17','PT. SALUYU VESPARIO','2017-11-01','2017-11-30',108,108,0,0,0,108,540000,'2017-12-05 09:18:56'),('0262/TPMM-Barc.JABAR/XII/17','PT. SANGGAR MAS JAYA','2017-11-01','2017-11-30',63,63,0,0,0,63,315000,'2017-12-05 09:20:47'),('0264/TPMM-Barc.JABAR/XII/17','PT. ASTRA MOTOR JAKARTA','2017-11-01','2017-11-30',2235,2235,0,0,0,2235,4917000,'2017-12-05 09:23:18'),('0265/TPMM-Barc.JABAR/XII/17','PT. WAHANA MAKMUR SEJATI','2017-11-01','2017-11-30',32025,32025,0,0,0,32025,70455000,'2017-12-05 09:23:41'),('0266/TPMM-Barc.JABAR/XII/17','PT. ISTANA BANDUNG RAYA MOTOR','2017-11-01','2017-11-30',2193,2193,0,0,0,2193,10965000,'2017-12-07 06:16:58'),('0267/TPMM-Barc.JABAR/XII/17','PT. SGMW MOTOR INDONESIA','2017-11-01','2017-11-30',216,216,0,0,0,216,1080000,'2017-12-07 11:22:35'),('0268/TPMM-Barc.JABAR/XII/17','PT. SGMW MOTOR INDONESIA','2017-11-01','2017-11-30',55,55,0,0,0,55,275000,'2017-12-07 11:23:01'),('0269/TPMM-Barc.JABAR/XII/17','PT. DAYA ADICIPTA MOTORA (JABAR)','2017-11-01','2017-11-30',49829,49829,0,0,0,49829,158935700,'2017-12-11 05:49:05'),('0270/TPMM-Barc.JABAR/XII/17','PT. DAYA ADICIPTA MOTORA (METRO)','2017-11-01','2017-11-30',19768,19768,0,0,0,19768,65234400,'2017-12-11 05:49:36'),('0271/TPMM-Barc.JABAR/I/18','PT. AUTO 2000','2017-12-01','2017-12-31',3267,3267,0,0,0,3267,16335000,'2018-01-02 09:34:44'),('0272/TPMM-Barc.JABAR/I/18','PT. ASTRA DAIHATSU MOTOR','2017-12-01','2017-12-31',2122,2122,0,0,0,2122,10610000,'2018-01-02 09:35:08'),('0273/TPMM-Barc.JABAR/I/18','PT. CINTA DAMAI PUTRA BAHAGIA','2017-12-01','2017-12-31',136,136,0,0,0,136,680000,'2018-01-02 09:40:39'),('0274/TPMM-Barc.JABAR/I/18','PT. INSAN SARANA MAJU','2017-12-01','2017-12-31',17,17,0,0,0,17,85000,'2018-01-02 09:41:48'),('0275/TPMM-Barc.JABAR/I/18','PT. MAKMUR SAKTI','2017-12-01','2017-12-31',13,13,0,0,0,13,65000,'2018-01-02 09:43:27'),('0276/TPMM-Barc.JABAR/I/18','PT. NUSANTARA JAYA SENTOSA','2017-12-01','2017-12-31',532,532,0,0,0,532,2660000,'2018-01-02 09:46:02'),('0277/TPMM-Barc.JABAR/I/18','PT. SALUYU VESPARIO','2017-12-01','2017-12-31',85,85,0,0,0,85,425000,'2018-01-02 09:47:15'),('0278/TPMM-Barc.JABAR/I/18','PT. SANGGAR MAS JAYA','2017-12-01','2017-12-31',70,70,0,0,0,70,350000,'2018-01-02 09:48:05'),('0279/TPMM-Barc.JABAR/I/18','PT. ISTANA BANDUNG RAYA MOTOR','2017-12-01','2017-12-31',2800,2800,0,0,0,2800,14000000,'2018-01-08 03:32:31'),('0001/TPMM-Barc.JABAR/II/18','PT. AUTO 2000','2018-01-01','2018-01-31',4327,4327,0,0,0,4327,21905000,'2018-02-05 05:27:04'),('0002/TPMM-Barc.JABAR/II/18','PT. ASTRA DAIHATSU MOTOR','2018-01-01','2018-01-31',1500,1500,0,0,0,1500,7500000,'2018-02-05 04:33:30'),('0003/TPMM-Barc.JABAR/II/18','PT. CINTA DAMAI PUTRA BAHAGIA','2018-01-01','2018-01-31',191,191,0,0,0,191,955000,'2018-02-05 04:30:52'),('0004/TPMM-Barc.JABAR/II/18','PT. INSAN SARANA MAJU','2018-01-01','2018-01-31',40,40,0,0,0,40,200000,'2018-02-05 04:32:43'),('0005/TPMM-Barc.JABAR/II/18','PT. MAKMUR SAKTI','2018-01-01','2018-01-31',10,10,0,0,0,10,50000,'2018-02-05 04:36:10'),('0006/TPMM-Barc.JABAR/II/18','PT. NUSANTARA JAYA SENTOSA','2018-01-01','2018-01-31',605,605,0,0,0,605,3025000,'2018-02-05 04:37:24'),('0007/TPMM-Barc.JABAR/II/18','PT. SALUYU VESPARIO','2018-01-01','2018-01-31',158,158,0,0,0,158,790000,'2018-02-05 04:39:14'),('0008/TPMM-Barc.JABAR/II/18','PT. SANGGAR MAS JAYA','2018-01-01','2018-01-31',127,127,0,0,0,127,635000,'2018-02-05 04:47:10'),('0009/TPMM-Barc.JABAR/II/18','PT. SGMW MOTOR INDONESIA','2018-01-01','2018-01-31',252,252,0,0,0,252,1260000,'2018-02-07 02:55:49'),('0010/TPMM-Barc.JABAR/II/18','PT. ISTANA BANDUNG RAYA MOTOR','2018-01-01','2018-01-31',2936,2936,0,0,0,2936,14680000,'2018-02-05 09:32:47'),('0011/TPMM-Barc.JABAR/II/18','PT. SGMW MOTOR INDONESIA','2018-01-01','2018-01-31',90,90,0,0,0,90,450000,'2018-02-07 02:56:22'),('0280/TPMM-Barc.JABAR/II/18','PT. SGMW MOTOR INDONESIA','2017-12-01','2017-12-30',194,194,0,0,0,194,970000,'2018-01-08 03:32:31'),('0281/TPMM-Barc.JABAR/II/18','PT. SGMW MOTOR INDONESIA','2017-12-01','2017-12-30',83,83,0,0,0,83,415000,'2018-01-08 03:32:31'),('0012/TPMM-Barc.JABAR/III/18','PT. ASTRA DAIHATSU MOTOR','2018-02-01','2018-02-28',1714,1714,0,0,0,1714,8570000,'2018-03-05 02:49:16'),('0013/TPMM-Barc.JABAR/III/18','PT. AUTO 2000','2018-02-01','2018-02-28',2880,2880,0,0,0,2880,14400000,'2018-03-06 02:08:20'),('0014/TPMM-Barc.JABAR/III/18','PT. CINTA DAMAI PUTRA BAHAGIA','2018-02-01','2018-02-28',105,105,0,0,0,105,525000,'2018-03-05 02:53:20'),('0015/TPMM-Barc.JABAR/III/18','PT. INSAN SARANA MAJU','2018-02-01','2018-02-28',22,22,0,0,0,22,110000,'2018-03-05 02:59:46'),('0016/TPMM-Barc.JABAR/III/18','PT. ISTANA BANDUNG RAYA MOTOR','2018-02-01','2018-02-28',1863,1863,0,0,0,1863,9315000,'2018-03-05 04:16:43'),('0017/TPMM-Barc.JABAR/III/18','PT. MAKMUR SAKTI','2018-02-01','2018-02-28',11,11,0,0,0,11,55000,'2018-03-05 04:19:04'),('0018/TPMM-Barc.JABAR/III/18','PT. NUSANTARA JAYA SENTOSA','2018-02-01','2018-02-28',398,398,0,0,0,398,1990000,'2018-03-05 04:22:26'),('0019/TPMM-Barc.JABAR/III/18','PT. SALUYU VESPARIO','2018-02-01','2018-02-28',63,63,0,0,0,63,315000,'2018-03-05 04:23:48'),('0020/TPMM-Barc.JABAR/III/18','PT. SANGGAR MAS JAYA','2018-02-01','2018-02-28',79,79,0,0,0,79,395000,'2018-03-05 04:25:02'),('0021/TPMM-Barc.JABAR/III/18','PT. SGMW MOTOR INDONESIA','2018-02-01','2018-02-28',71,71,0,0,0,71,355000,'2018-03-07 09:52:33'),('0022/TPMM-Barc.JABAR/III/18','PT. SGMW MOTOR INDONESIA','2018-02-01','2018-02-28',372,372,0,0,0,372,1860000,'2018-03-07 09:52:45'),('0023/TPMM-Barc.JABAR/III/18','PT. ASTRA MOTOR JAKARTA','2018-02-01','2018-02-28',2273,2273,0,0,0,2273,5000600,'2018-03-08 04:17:45'),('0024/TPMM-Barc.JABAR/III/18','PT. WAHANA MAKMUR SEJATI','2018-02-01','2018-02-28',27696,27696,0,0,0,27696,60931200,'2018-03-08 04:18:15'),('0282/TPMM-Barc.JABAR/III/18','PT. DAYA ADICIPTA MOTORA (JABAR)','2018-02-01','2018-02-28',42073,42073,0,0,0,42073,50266700,'2018-07-05 10:43:18'),('0283/TPMM-Barc.JABAR/III/18','PT. DAYA ADICIPTA MOTORA (METRO)','2018-02-01','2018-02-28',16899,16899,0,0,0,16899,55766700,'2018-03-08 04:19:00'),('0025/TPMM-Barc.JABAR/IV/18','PT. SGMW MOTOR INDONESIA','2018-03-01','2018-03-31',463,463,0,0,0,463,2315000,'2018-04-02 07:08:45'),('0026/TPMM-Barc.JABAR/IV/18','PT. SGMW MOTOR INDONESIA','2018-03-01','2018-03-31',107,107,0,0,0,107,535000,'2018-04-02 07:11:23'),('0027/TPMM-Barc.JABAR/IV/18','PT. ASTRA DAIHATSU MOTOR','2018-03-01','2018-03-31',1921,1921,0,0,0,1921,9605000,'2018-04-03 03:51:23'),('0028/TPMM-Barc.JABAR/IV/18','PT. AUTO 2000','2018-03-01','2018-03-31',3201,3201,0,0,0,3201,16005000,'2018-04-04 08:36:54'),('0029/TPMM-Barc.JABAR/IV/18','PT. CINTA DAMAI PUTRA BAHAGIA','2018-03-01','2018-03-31',82,82,0,0,0,82,410000,'2018-04-03 03:59:28'),('0030/TPMM-Barc.JABAR/IV/18','PT. GARUDA MATARAM MOTOR','2017-10-01','2018-03-31',34,34,0,0,0,34,170000,'2018-04-03 04:06:34'),('0031/TPMM-Barc.JABAR/IV/18','PT. INSAN SARANA MAJU','2018-03-01','2018-03-31',41,41,0,0,0,41,205000,'2018-04-03 04:13:08'),('0032/TPMM-Barc.JABAR/IV/18','PT. ISTANA BANDUNG RAYA MOTOR','2018-03-01','2018-03-31',2240,2240,0,0,0,2240,11200000,'2018-04-03 08:13:54'),('0033/TPMM-Barc.JABAR/IV/18','PT. MAKMUR SAKTI','2018-03-01','2018-03-31',13,13,0,0,0,13,65000,'2018-04-03 04:15:52'),('0034/TPMM-Barc.JABAR/IV/18','PT. NUSANTARA JAYA SENTOSA','2018-03-01','2018-03-31',475,475,0,0,0,475,2375000,'2018-04-03 04:17:13'),('0035/TPMM-Barc.JABAR/IV/18','PT. SALUYU VESPARIO','2018-03-01','2018-03-31',100,100,0,0,0,100,500000,'2018-04-03 04:17:56'),('0036/TPMM-Barc.JABAR/IV/18','PT. SANGGAR MAS JAYA','2018-03-01','2018-03-31',76,76,0,0,0,76,380000,'2018-04-03 04:19:13'),('0037/TPMM-Barc.JABAR/V/18','PT. AUTO 2000','2018-04-01','2018-04-30',3231,3231,0,0,0,3231,16155000,'2018-05-03 05:13:23'),('0038/TPMM-Barc.JABAR/V/18','PT. ASTRA DAIHATSU MOTOR','2018-04-01','2018-04-30',1837,1837,0,0,0,1837,9185000,'2018-05-03 06:29:20'),('0039/TPMM-Barc.JABAR/V/18','PT. CINTA DAMAI PUTRA BAHAGIA','2018-04-01','2018-04-30',122,122,0,0,0,122,610000,'2018-05-03 06:46:41'),('0040/TPMM-Barc.JABAR/V/18','PT. INSAN SARANA MAJU','2018-04-01','2018-04-30',23,23,0,0,0,23,115000,'2018-05-03 06:54:24'),('0041/TPMM-Barc.JABAR/V/18','PT. ISTANA BANDUNG RAYA MOTOR','2018-04-01','2018-04-30',2334,2334,0,0,0,2334,11670000,'2018-05-03 07:10:10'),('0042/TPMM-Barc.JABAR/V/18','PT. MAKMUR SAKTI','2018-04-01','2018-04-30',12,12,0,0,0,12,60000,'2018-05-03 07:11:15'),('0043/TPMM-Barc.JABAR/V/18','PT. NUSANTARA JAYA SENTOSA','2018-04-01','2018-04-30',472,472,0,0,0,472,2360000,'2018-05-03 07:13:05'),('0044/TPMM-Barc.JABAR/V/18','PT. SALUYU VESPARIO','2018-04-01','2018-04-30',112,112,0,0,0,112,560000,'2018-05-03 07:14:35'),('0045/TPMM-Barc.JABAR/V/18','PT. SANGGAR MAS JAYA','2018-04-01','2018-04-30',71,71,0,0,0,71,355000,'2018-05-03 07:15:52'),('0046/TPMM-Barc.JABAR/VI/18','PT. AUTO 2000','2018-05-01','2018-05-31',3402,3402,0,0,0,3402,17010000,'2018-06-04 11:23:01'),('0047/TPMM-Barc.JABAR/VI/18','PT. ASTRA DAIHATSU MOTOR','2018-05-01','2018-05-31',1762,1762,0,0,0,1762,8810000,'2018-06-06 06:19:58'),('0048/TPMM-Barc.JABAR/VI/18','PT. CINTA DAMAI PUTRA BAHAGIA','2018-05-01','2018-05-31',118,118,0,0,0,118,590000,'2018-06-06 06:29:06'),('0049/TPMM-Barc.JABAR/VI/18','PT. ISTANA BANDUNG RAYA MOTOR','2018-05-01','2018-05-31',2611,2611,0,0,0,2611,13055000,'2018-06-06 06:55:34'),('0050/TPMM-Barc.JABAR/VI/18','PT. INSAN SARANA MAJU','2018-05-01','2018-05-31',38,38,0,0,0,38,190000,'2018-06-06 06:31:26'),('0051/TPMM-Barc.JABAR/VI/18','PT. MAKMUR SAKTI','2018-05-01','2018-05-31',17,17,0,0,0,17,85000,'2018-06-06 06:33:04'),('0052/TPMM-Barc.JABAR/VI/18','PT. NUSANTARA JAYA SENTOSA','2018-05-01','2018-05-31',598,598,0,0,0,598,2990000,'2018-06-06 06:34:21'),('0053/TPMM-Barc.JABAR/VI/18','PT. SALUYU VESPARIO','2018-05-01','2018-05-31',140,140,0,0,0,140,700000,'2018-06-06 06:39:26'),('0054/TPMM-Barc.JABAR/VI/18','PT. SANGGAR MAS JAYA','2018-05-01','2018-05-31',105,105,0,0,0,105,525000,'2018-06-06 06:41:16'),('0055/TPMM-Barc.JABAR/VI/18','PT. SGMW MOTOR INDONESIA','2018-05-01','2018-05-31',637,637,0,0,0,637,3795000,'2018-07-05 09:42:05'),('0056/TPMM-Barc.JABAR/VII/18','PT. AUTO 2000','2018-06-01','2018-06-30',2431,2431,0,0,0,2431,12335000,'2018-07-03 09:47:44'),('0057/TPMM-Barc.JABAR/VII/18','PT. ISTANA BANDUNG RAYA MOTOR','2018-06-01','2018-06-30',1661,1661,0,0,0,1661,9955000,'2018-07-03 09:23:55'),('0058/TPMM-Barc.JABAR/VII/18','PT. ASTRA DAIHATSU MOTOR','2018-06-01','2018-06-30',1297,1297,0,0,0,1297,6485000,'2018-07-04 03:17:36'),('0059/TPMM-Barc.JABAR/VII/18','PT. CINTA DAMAI PUTRA BAHAGIA','2018-06-01','2018-06-30',127,127,0,0,0,127,635000,'2018-07-04 03:19:46'),('0060/TPMM-Barc.JABAR/VII/18','PT. INSAN SARANA MAJU','2018-06-01','2018-06-30',47,47,0,0,0,47,235000,'2018-07-04 03:21:43'),('0061/TPMM-Barc.JABAR/VII/18','PT. MAKMUR SAKTI','2018-06-01','2018-06-30',24,24,0,0,0,24,120000,'2018-07-04 03:22:19'),('0062/TPMM-Barc.JABAR/VII/18','PT. NUSANTARA JAYA SENTOSA','2018-06-01','2018-06-30',335,335,0,0,0,335,1675000,'2018-07-04 03:22:56'),('0063/TPMM-Barc.JABAR/VII/18','PT. SALUYU VESPARIO','2018-06-01','2018-06-30',30,30,0,0,0,30,150000,'2018-07-04 03:23:44'),('0064/TPMM-Barc.JABAR/VII/18','PT. SANGGAR MAS JAYA','2018-06-01','2018-06-30',100,100,0,0,0,100,500000,'2018-07-04 03:25:38'),('0065/TPMM-Barc.JABAR/VII/18','PT. SGMW MOTOR INDONESIA','2018-06-01','2018-06-30',455,455,0,0,0,455,2275000,'2018-07-05 03:04:46'),('0066/TPMM-Barc.JABAR/VII/18','PT. SGMW MOTOR INDONESIA','2018-06-01','2018-06-30',127,127,0,0,0,127,635000,'2018-07-05 03:09:16'),('0067/TPMM-Barc.JABAR/VII/18','PT. DAYA ADICIPTA MOTORA (JABAR)','2018-06-01','2018-06-30',53512,53512,0,0,0,53512,171089600,'2018-08-03 08:43:13'),('0068/TPMM-Barc.JABAR/VII/18','PT. DAYA ADICIPTA MOTORA (METRO)','2018-06-01','2018-06-30',16108,16108,0,0,0,16108,53156400,'2018-08-03 08:43:35'),('0069/TPMM-Barc.JABAR/VII/18','PT. DAYA ADICIPTA MOTORA (JABAR)','2018-01-01','2018-01-31',81355,81355,0,0,0,81355,262971500,'2018-07-05 09:22:09'),('0070/TPMM-Barc.JABAR/VII/18','PT. DAYA ADICIPTA MOTORA (METRO)','2018-01-01','2018-01-31',30535,30535,0,0,0,30535,100765500,'2018-07-05 09:25:22'),('0071/TPMM-Barc.JABAR/VII/18','PT. DAYA ADICIPTA MOTORA (JABAR)','2018-03-01','2018-03-31',50008,50008,0,0,0,50008,133340900,'2018-07-05 10:35:33'),('0072/TPMM-Barc.JABAR/VII/18','PT. DAYA ADICIPTA MOTORA (METRO)','2018-03-01','2018-03-31',19750,19750,0,0,0,19750,55766700,'2018-07-05 10:38:18'),('0073/TPMM-Barc.JABAR/VII/18','PT. DAYA ADICIPTA MOTORA (JABAR)','2018-04-01','2018-04-30',49199,49199,0,0,0,49199,159526400,'2018-07-05 10:36:07'),('0074/TPMM-Barc.JABAR/VII/18','PT. DAYA ADICIPTA MOTORA (METRO)','2018-04-01','2018-04-30',18590,18590,0,0,0,18590,65227800,'2018-07-05 10:38:47'),('0075/TPMM-Barc.JABAR/VII/18','PT. DAYA ADICIPTA MOTORA (JABAR)','2018-05-01','2018-05-31',58566,58566,0,0,0,58566,156856700,'2018-07-05 10:36:35'),('0076/TPMM-Barc.JABAR/VII/18','PT. DAYA ADICIPTA MOTORA (METRO)','2018-05-01','2018-05-31',21484,21484,0,0,0,21484,61347000,'2018-07-05 10:39:09'),('0077/TPMM-Barc.JABAR/VII/18','PT. SGMW MOTOR INDONESIA','2018-05-01','2018-05-31',122,122,0,0,0,122,610000,'2018-08-21 02:58:27'),('0078/TPMM-Barc.JABAR/VII/18','PT. SGMW MOTOR INDONESIA','2018-04-01','2018-04-30',602,602,0,0,0,602,3010000,'2018-07-05 09:44:05'),('0079/TPMM-Barc.JABAR/VII/18','PT. SGMW MOTOR INDONESIA','2018-04-01','2018-04-30',147,147,0,0,0,147,735000,'2018-07-05 09:44:28'),('0080/TPMM-Barc.JABAR/VIII/18','PT. AUTO 2000','2018-07-01','2018-07-31',3497,3497,0,0,0,3497,17485000,'2018-08-01 07:13:30'),('0081/TPMM-Barc.JABAR/VIII/18','PT. ASTRA DAIHATSU MOTOR','2018-07-01','2018-07-31',1554,1554,0,0,0,1554,7770000,'2018-08-02 09:29:46'),('0082/TPMM-Barc.JABAR/VIII/18','PT. CINTA DAMAI PUTRA BAHAGIA','2018-07-01','2018-07-31',123,123,0,0,0,123,615000,'2018-08-02 09:30:53'),('0083/TPMM-Barc.JABAR/VIII/18','PT. INSAN SARANA MAJU','2018-07-01','2018-07-31',91,91,0,0,0,91,455000,'2018-08-02 09:32:15'),('0084/TPMM-Barc.JABAR/VIII/18','PT. ISTANA BANDUNG RAYA MOTOR','2018-07-01','2018-07-31',2744,2744,0,0,0,2744,13720000,'2018-08-07 03:42:38'),('0085/TPMM-Barc.JABAR/VIII/18','PT. MAKMUR SAKTI','2018-07-01','2018-07-31',28,28,0,0,0,28,140000,'2018-08-02 09:33:48'),('0086/TPMM-Barc.JABAR/VIII/18','PT. NUSANTARA JAYA SENTOSA','2018-07-01','2018-07-31',710,710,0,0,0,710,3550000,'2018-08-02 09:34:26'),('0087/TPMM-Barc.JABAR/VIII/18','PT. SALUYU VESPARIO','2018-07-01','2018-07-31',220,220,0,0,0,220,1100000,'2018-08-02 09:35:03'),('0088/TPMM-Barc.JABAR/VIII/18','PT. SANGGAR MAS JAYA','2018-07-01','2018-07-31',223,223,0,0,0,223,1115000,'2018-08-02 09:35:48'),('0089/TPMM-Barc.JABAR/VIII/18','PT. SGMW MOTOR INDONESIA','2018-07-01','2018-07-31',570,570,0,0,0,570,2850000,'2018-08-07 03:43:11'),('0090/TPMM-Barc.JABAR/VIII/18','PT. SGMW MOTOR INDONESIA','2018-07-01','2018-07-31',151,151,0,0,0,151,755000,'2018-08-07 03:43:27'),('0091/TPMM-Barc.JABAR/VIII/18','PT. DAYA ADICIPTA MOTORA (JABAR)','2018-07-01','2018-07-31',62815,62815,0,0,0,62815,201789500,'2018-08-21 03:00:33'),('0092/TPMM-Barc.JABAR/VIII/18','PT. DAYA ADICIPTA MOTORA (METRO)','2018-07-01','2018-07-31',23173,23173,0,0,0,23173,76470900,'2018-08-21 03:00:55'),('0093/TPMM-Barc.JABAR/VIII/18','MITSUBISHI - MMKSI','2018-07-01','2018-07-31',435,435,0,0,0,435,2175000,'2018-08-16 06:01:15'),('0094/TPMM-Barc.JABAR/VIII/18','MITSUBISHI - MMKSI','2018-08-01','2018-08-31',858,858,0,0,0,858,4290000,'2018-08-16 06:11:43'),('0118/TPMM-Barc.JABAR/XI/18','PT. AUTO 2000','2018-10-01','2018-10-31',3142,3142,0,0,0,3142,15710000,'2018-11-09 23:51:44'),('0119/TPMM-Barc.JABAR/XI/18','PT. ASTRA DAIHATSU MOTOR','2018-10-01','2018-10-31',1607,1607,0,0,0,1607,8035000,'2018-11-09 23:52:33'),('00120/TPMM-Barc.JABAR/XI/18','PT. CINTA DAMAI PUTRA BAHAGIA','2018-10-01','2018-10-31',194,194,0,0,0,194,970000,'2018-11-09 23:53:16'),('0121/TPMM-Barc.JABAR/XI/18','PT. INSAN SARANA MAJU','2018-10-01','2018-10-31',81,81,0,0,0,81,405000,'2018-11-09 23:53:55'),('0122/TPMM-Barc.JABAR/XI/18','PT. MAKMUR SAKTI','2018-10-01','2018-10-31',10,10,0,0,0,10,170000,'2018-11-10 00:07:00'),('0123/TPMM-Barc.JABAR/XI/18','PT. NUSANTARA JAYA SENTOSA','2018-10-01','2018-10-31',579,579,0,0,0,579,2895000,'2018-11-09 23:55:29'),('0124/TPMM-Barc.JABAR/XI/18','PT. SALUYU VESPARIO','2018-10-01','2018-10-31',132,132,0,0,0,132,660000,'2018-11-09 23:56:05'),('0125/TPMM-Barc.JABAR/XI/18','PT. SANGGAR MAS JAYA','2018-10-01','2018-10-31',164,164,0,0,0,164,820000,'2018-11-09 23:56:51'),('0126/TPMM-Barc.JABAR/XI/18','PT. ISTANA BANDUNG RAYA MOTOR','2018-10-01','2018-10-31',1641,1641,0,0,0,1641,8205000,'2018-11-10 00:05:55'),('0127/TPMM-Barc.JABAR/XI/18','PT. SGMW MOTOR INDONESIA','2018-10-01','2018-10-31',583,583,0,0,0,583,2915000,'2018-11-10 00:03:45'),('0128/TPMM-Barc.JABAR/XI/18','PT. SGMW MOTOR INDONESIA','2018-10-01','2018-10-31',125,125,0,0,0,125,625000,'2018-11-10 00:04:14'),('0129/TPMM-Barc.JABAR/XII/18','PT. AUTO 2000','2018-11-01','2018-11-30',2749,2749,0,0,0,2749,13745000,'2018-12-04 07:25:54'),('0130/TPMM-Barc.JABAR/XII/18','PT. ASTRA DAIHATSU MOTOR','2018-11-01','2018-11-30',1691,1691,0,0,0,1691,8455000,'2018-12-05 05:16:01'),('0131/TPMM-Barc.JABAR/XII/18','PT. CINTA DAMAI PUTRA BAHAGIA','2018-11-01','2018-11-30',146,146,0,0,0,146,730000,'2018-12-05 05:18:15'),('0132/TPMM-Barc.JABAR/XII/18','PT. GARUDA MATARAM MOTOR','2018-04-01','2018-11-30',53,53,0,0,0,53,265000,'2018-12-05 10:15:03'),('0133/TPMM-Barc.JABAR/XII/18','PT. INSAN SARANA MAJU','2018-11-01','2018-11-30',100,100,0,0,0,100,500000,'2018-12-05 05:20:32'),('0134/TPMM-Barc.JABAR/XII/18','PT. ISTANA BANDUNG RAYA MOTOR','2018-11-01','2018-11-30',1548,1548,0,0,0,1548,7740000,'2018-12-05 09:37:11'),('0135/TPMM-Barc.JABAR/XII/18','PT. MAKMUR SAKTI','2018-11-01','2018-11-30',7,7,0,0,0,7,35000,'2018-12-05 05:21:22'),('0136/TPMM-Barc.JABAR/XII/18','PT. NUSANTARA JAYA SENTOSA','2018-11-01','2018-11-30',441,441,0,0,0,441,2205000,'2018-12-05 05:23:10'),('0137/TPMM-Barc.JABAR/XII/18','PT. SALUYU VESPARIO','2018-11-01','2018-11-30',78,78,0,0,0,78,390000,'2018-12-05 05:23:23'),('0138/TPMM-Barc.JABAR/XII/18','PT. SANGGAR MAS JAYA','2018-11-01','2018-11-30',251,251,0,0,0,251,1255000,'2018-12-05 05:23:49'),('0139/TPMM-Barc.JABAR/XII/18','PT. SGMW MOTOR INDONESIA','2018-11-01','2018-11-30',113,113,0,0,0,113,565000,'2018-12-06 08:13:50'),('0140/TPMM-Barc.JABAR/XII/18','PT. SGMW MOTOR INDONESIA','2018-11-01','2018-11-30',406,406,0,0,0,406,2030000,'2018-12-06 08:42:00'),('0141/TPMM-Barc.JABAR/XII/18','PT. SUZUKI INDOMOBIL MOTOR','2018-11-01','2018-11-30',3206,3206,0,0,0,3206,16110000,'2018-12-11 09:34:45'),('0001/TPMM-Barc.JABAR/I/19','PT. AUTO 2000','2018-12-01','2018-12-31',3047,3047,0,0,0,3047,15235000,'2019-01-03 09:40:11'),('0002/TPMM-Barc.JABAR/I/19','PT. ASTRA DAIHATSU MOTOR','2018-12-01','2018-12-31',2049,2049,0,0,0,2049,10245000,'2019-01-03 09:40:33'),('0003/TPMM-Barc.JABAR/I/19','PT. CINTA DAMAI PUTRA BAHAGIA','2018-12-01','2018-12-31',190,190,0,0,0,190,950000,'2019-01-03 09:41:21'),('0004/TPMM-Barc.JABAR/I/19','PT. INSAN SARANA MAJU','2018-12-01','2018-12-31',58,58,0,0,0,58,290000,'2019-01-03 09:43:32'),('0005/TPMM-Barc.JABAR/I/19','PT. ISTANA BANDUNG RAYA MOTOR','2018-12-01','2018-12-31',1892,1892,0,0,0,1892,9460000,'2019-01-03 09:44:56'),('0006/TPMM-Barc.JABAR/I/19','PT. MAKMUR SAKTI','2018-12-01','2018-12-31',4,4,0,0,0,4,20000,'2019-01-03 09:46:21'),('0007/TPMM-Barc.JABAR/I/19','PT. NUSANTARA JAYA SENTOSA','2018-12-01','2018-12-31',519,519,0,0,0,519,2595000,'2019-01-03 09:47:14'),('0008/TPMM-Barc.JABAR/I/19','PT. SALUYU VESPARIO','2018-12-01','2018-12-31',97,97,0,0,0,97,485000,'2019-01-03 09:49:47'),('0009/TPMM-Barc.JABAR/I/19','PT. SANGGAR MAS JAYA','2018-12-01','2019-12-31',227,227,0,0,0,227,1135000,'2019-01-03 09:52:34'),('0010/TPMM-Barc.JABAR/I/19','PT. SGMW MOTOR INDONESIA','2018-12-01','2019-12-31',463,463,0,0,0,463,2315000,'2019-01-07 03:57:41'),('0011/TPMM-Barc.JABAR/I/19','PT. SGMW MOTOR INDONESIA','2018-12-01','2019-12-31',145,145,0,0,0,145,725000,'2019-01-07 03:57:55'),('0012/TPMM-Barc.JABAR/I/19','PT. SUZUKI INDOMOBIL MOTOR','2018-12-01','2019-12-31',2988,2988,0,0,0,2988,14940000,'2019-01-08 04:37:07'),('0013/TPMM-Barc.JABAR/II/19','PT. AUTO 2000','2019-01-01','2019-01-31',3798,3798,0,0,0,3798,18990000,'2019-02-04 05:27:55'),('0014/TPMM-Barc.JABAR/II/19','PT. ASTRA DAIHATSU MOTOR','2019-01-01','2019-01-31',1603,1603,0,0,0,1603,8015000,'2019-02-04 05:27:06'),('0015/TPMM-Barc.JABAR/II/19','PT. CINTA DAMAI PUTRA BAHAGIA','2019-01-01','2019-01-31',154,154,0,0,0,154,770000,'2019-02-04 05:28:53'),('0016/TPMM-Barc.JABAR/II/19','PT. INSAN SARANA MAJU','2019-01-01','2019-01-31',58,58,0,0,0,58,290000,'2019-03-08 09:31:04'),('0017/TPMM-Barc.JABAR/II/19','PT. ISTANA BANDUNG RAYA MOTOR','2019-01-01','2019-01-31',3116,3116,0,0,0,3116,15580000,'2019-02-04 07:09:40'),('0018/TPMM-Barc.JABAR/II/19','PT. MAKMUR SAKTI','2019-01-01','2019-01-31',5,5,0,0,0,5,25000,'2019-02-04 05:35:10'),('0019/TPMM-Barc.JABAR/II/19','PT. NUSANTARA JAYA SENTOSA','2019-01-01','2019-01-31',571,571,0,0,0,571,2855000,'2019-02-04 05:37:27'),('0020/TPMM-Barc.JABAR/II/19','PT. SALUYU VESPARIO','2019-01-01','2019-01-31',114,114,0,0,0,114,570000,'2019-02-04 05:44:35'),('0021/TPMM-Barc.JABAR/II/19','PT. SANGGAR MAS JAYA','2019-01-01','2019-01-31',198,198,0,0,0,198,990000,'2019-02-04 05:47:21'),('0022/TPMM-Barc.JABAR/II/19','PT. SGMW MOTOR INDONESIA','2019-01-01','2019-01-31',414,414,0,0,0,414,2070000,'2019-02-08 08:04:49'),('0023/TPMM-Barc.JABAR/II/19','PT. SGMW MOTOR INDONESIA','2019-01-01','2019-01-31',123,123,0,0,0,123,615000,'2019-02-08 08:07:21'),('0024/TPMM-Barc.JABAR/II/19','PT. SUZUKI INDOMOBIL MOTOR','2019-01-01','2019-01-31',3274,3274,0,0,0,3274,16370000,'2019-09-04 03:37:13'),('0025/TPMM-Barc.JABAR/III/19','PT. AUTO 2000','2019-02-01','2019-02-28',2576,2576,0,0,0,2576,12880000,'2019-03-04 09:12:27'),('0026/TPMM-Barc.JABAR/III/19','PT. ASTRA DAIHATSU MOTOR','2019-02-01','2019-02-28',1388,1388,0,0,0,1388,6940000,'2019-03-05 03:53:04'),('0027/TPMM-Barc.JABAR/III/19','PT. CINTA DAMAI PUTRA BAHAGIA','2019-02-01','2019-02-28',82,82,0,0,0,82,410000,'2019-03-05 03:55:59'),('0028/TPMM-Barc.JABAR/III/19','PT. INSAN SARANA MAJU','2019-02-01','2019-02-28',29,29,0,0,0,29,145000,'2019-03-05 05:15:30'),('0029/TPMM-Barc.JABAR/III/19','PT. MAKMUR SAKTI','2019-02-01','2019-02-28',4,4,0,0,0,4,20000,'2019-03-08 03:58:59'),('0030/TPMM-Barc.JABAR/III/19','PT. NUSANTARA JAYA SENTOSA','2019-02-01','2019-02-28',397,397,0,0,0,397,1985000,'2019-03-05 05:19:45'),('0031/TPMM-Barc.JABAR/III/19','PT. SALUYU VESPARIO','2019-02-01','2019-02-28',89,89,0,0,0,89,445000,'2019-03-05 05:20:26'),('0032/TPMM-Barc.JABAR/III/19','PT. SANGGAR MAS JAYA','2019-02-01','2019-02-28',113,113,0,0,0,113,565000,'2019-03-05 05:21:10'),('0033/TPMM-Barc.JABAR/III/19','PT. INSAN SARANA MAJU / INDO SARANA MOTOR','2019-02-01','2019-02-28',13,13,0,0,0,13,65000,'2019-03-05 05:22:46'),('0034/TPMM-Barc.JABAR/III/19','PT. SEJAHTERA MOTOR GEMILANG','2019-02-01','2019-02-28',4,4,0,0,0,4,20000,'2019-03-05 05:23:40'),('0035/TPMM-Barc.JABAR/III/19','PT. ISTANA BANDUNG RAYA MOTOR','2019-02-01','2019-02-28',2192,2192,0,0,0,2192,10960000,'2019-03-05 10:12:38'),('0036/TPMM-Barc.JABAR/III/19','PT. SGMW MOTOR INDONESIA','2019-02-01','2019-02-28',77,77,0,0,0,77,385000,'2019-03-05 10:28:10'),('0037/TPMM-Barc.JABAR/III/19','PT. SGMW MOTOR INDONESIA','2019-02-01','2019-02-28',309,309,0,0,0,309,1545000,'2019-03-05 10:28:30'),('0038/TPMM-Barc.JABAR/III/19','PT. SUZUKI INDOMOBIL MOTOR','2019-02-01','2019-02-28',3967,3967,0,0,0,3967,19835000,'2019-03-08 04:02:45'),('0039/TPMM-Barc.JABAR/IV/19','PT. AUTO 2000','2019-03-01','2019-03-31',2703,2703,0,0,0,2703,13515000,'2019-04-01 09:47:45'),('0040/TPMM-Barc.JABAR/IV/19','PT. ASTRA DAIHATSU MOTOR','2019-03-01','2019-03-31',2205,2205,0,0,0,2205,11025000,'2019-04-04 09:09:32'),('0041/TPMM-Barc.JABAR/IV/19','PT. CINTA DAMAI PUTRA BAHAGIA','2019-03-01','2019-03-31',91,91,0,0,0,91,455000,'2019-04-04 09:10:22'),('0042/TPMM-Barc.JABAR/IV/19','PT. INSAN SARANA MAJU','2019-03-01','2019-03-31',50,50,0,0,0,50,250000,'2019-04-04 09:11:20'),('0043/TPMM-Barc.JABAR/IV/19','PT. INSAN SARANA MAJU / INDO SARANA MOTOR','2019-03-01','2019-03-31',8,8,0,0,0,8,40000,'2019-04-04 09:12:43'),('0044/TPMM-Barc.JABAR/IV/19','PT. ISTANA BANDUNG RAYA MOTOR','2019-03-01','2019-03-31',1581,1581,0,0,0,1581,7905000,'2019-04-05 04:04:57'),('0045/TPMM-Barc.JABAR/IV/19','PT. MAKMUR SAKTI','2019-03-01','2019-03-31',6,6,0,0,0,6,30000,'2019-04-04 09:14:45'),('0046/TPMM-Barc.JABAR/IV/19','PT. NUSANTARA JAYA SENTOSA','2019-03-01','2019-03-31',333,333,0,0,0,333,1665000,'2019-04-04 09:18:41'),('0047/TPMM-Barc.JABAR/IV/19','PT. SALUYU VESPARIO','2019-03-01','2019-03-31',104,104,0,0,0,104,520000,'2019-04-04 09:20:34'),('0048/TPMM-Barc.JABAR/IV/19','PT. SANGGAR MAS JAYA','2019-03-01','2019-03-31',169,169,0,0,0,169,845000,'2019-04-04 09:21:25'),('0049/TPMM-Barc.JABAR/IV/19','PT. SEJAHTERA MOTOR GEMILANG','2019-03-01','2019-03-31',27,27,0,0,0,27,135000,'2019-04-04 09:22:19'),('0050/TPMM-Barc.JABAR/IV/19','PT. SGMW MOTOR INDONESIA','2019-03-01','2019-03-31',651,651,0,0,0,651,3255000,'2019-04-05 10:10:38'),('0051/TPMM-Barc.JABAR/IV/19','PT. SGMW MOTOR INDONESIA','2019-03-01','2019-03-31',102,102,0,0,0,102,510000,'2019-04-05 10:10:59'),('0052/TPMM-Barc.JABAR/IV/19','PT. SUZUKI INDOMOBIL MOTOR','2019-03-01','2019-03-24',1526,1526,0,0,0,1526,7630000,'2019-04-05 04:25:52'),('0053/TPMM-Barc.JABAR/V/19','PT. AUTO 2000','2019-04-01','2019-04-30',2543,2543,0,0,0,2543,12715000,'2019-05-03 10:16:19'),('0054/TPMM-Barc.JABAR/V/19','PT. ASTRA DAIHATSU MOTOR','2019-04-01','2019-04-30',1495,1495,0,0,0,1495,7475000,'2019-05-07 07:56:55'),('0055/TPMM-Barc.JABAR/V/19','PT. CINTA DAMAI PUTRA BAHAGIA','2019-04-01','2019-04-30',109,109,0,0,0,109,545000,'2019-05-07 08:44:21'),('0056/TPMM-Barc.JABAR/V/19','PT. GARUDA MATARAM MOTOR','2019-04-01','2019-04-30',16,16,0,0,0,16,80000,'2019-05-07 08:45:43'),('0057/TPMM-Barc.JABAR/V/19','PT. INSAN SARANA MAJU','2019-04-01','2019-04-30',28,28,0,0,0,28,140000,'2019-05-07 08:45:34'),('0058/TPMM-Barc.JABAR/V/19','PT. INSAN SARANA MAJU / INDO SARANA MOTOR','2019-04-01','2019-04-30',10,10,0,0,0,10,50000,'2019-05-07 08:45:25'),('0059/TPMM-Barc.JABAR/V/19','PT. ISTANA BANDUNG RAYA MOTOR','2019-04-01','2019-04-30',1826,1826,0,0,0,1826,9130000,'2019-05-07 08:48:53'),('0060/TPMM-Barc.JABAR/V/19','PT. MAKMUR SAKTI','2019-04-01','2019-04-30',2,2,0,0,0,2,10000,'2019-05-07 08:49:10'),('0061/TPMM-Barc.JABAR/V/19','PT. NUSANTARA JAYA SENTOSA','2019-04-01','2019-04-30',424,424,0,0,0,424,2120000,'2019-05-07 08:49:26'),('0062/TPMM-Barc.JABAR/V/19','PT. SALUYU VESPARIO','2019-04-01','2019-04-30',136,136,0,0,0,136,680000,'2019-05-07 08:49:40'),('0063/TPMM-Barc.JABAR/V/19','PT. SANGGAR MAS JAYA','2019-04-01','2019-04-30',99,99,0,0,0,99,495000,'2019-05-07 08:50:01'),('0064/TPMM-Barc.JABAR/V/19','PT. SEJAHTERA MOTOR GEMILANG','2019-04-01','2019-04-30',55,55,0,0,0,55,275000,'2019-05-07 08:50:17'),('0065/TPMM-Barc.JABAR/V/19','PT. SGMW MOTOR INDONESIA','2019-04-01','2019-04-30',82,82,0,0,0,82,410000,'2019-05-09 03:13:47'),('0066/TPMM-Barc.JABAR/V/19','PT. SGMW MOTOR INDONESIA','2019-04-01','2019-04-30',499,499,0,0,0,499,2495000,'2019-05-09 03:14:05'),('0067/TPMM-Barc.JABAR/V/19','PT. SUZUKI INDOMOBIL MOTOR','2019-04-01','2019-04-30',1312,1312,0,0,0,1312,6560000,'2019-05-07 08:51:51'),('0068/TPMM-Barc.JABAR/V/19','PT. AUTO 2000','2019-05-01','2019-05-28',3077,3077,0,0,0,3077,15385000,'2019-05-28 08:48:26'),('0069/TPMM-Barc.JABAR/VI/19','PT. ASTRA DAIHATSU MOTOR','2019-05-01','2019-05-31',1558,1558,0,0,0,1558,7790000,'2019-06-11 03:48:36'),('0070/TPMM-Barc.JABAR/VI/19','PT. CINTA DAMAI PUTRA BAHAGIA','2019-05-01','2019-05-31',171,171,0,0,0,171,855000,'2019-06-11 03:49:09'),('0071/TPMM-Barc.JABAR/VI/19','PT. INSAN SARANA MAJU','2019-05-01','2019-05-31',34,34,0,0,0,34,170000,'2019-06-11 03:50:02'),('0072/TPMM-Barc.JABAR/VI/19','PT. INSAN SARANA MAJU / INDO SARANA MOTOR','2019-05-01','2019-05-31',8,8,0,0,0,8,40000,'2019-06-11 03:50:53'),('0073/TPMM-Barc.JABAR/VI/19','PT. ISTANA BANDUNG RAYA MOTOR','2019-05-01','2019-05-31',1136,1136,0,0,0,1136,5680000,'2019-06-11 05:17:27'),('0074/TPMM-Barc.JABAR/VI/19','PT. MAKMUR SAKTI','2019-05-01','2019-05-31',2,2,0,0,0,2,10000,'2019-06-11 03:52:01'),('0075/TPMM-Barc.JABAR/VI/19','PT. NUSANTARA JAYA SENTOSA','2019-05-01','2019-05-31',548,548,0,0,0,548,2740000,'2019-06-11 03:52:16'),('0076/TPMM-Barc.JABAR/VI/19','PT. SALUYU VESPARIO','2019-05-01','2019-05-31',133,133,0,0,0,133,665000,'2019-06-11 03:52:30'),('0077/TPMM-Barc.JABAR/VI/19','PT. SANGGAR MAS JAYA','2019-05-01','2019-05-31',110,110,0,0,0,110,550000,'2019-06-11 03:53:19'),('0078/TPMM-Barc.JABAR/VI/19','PT. SEJAHTERA MOTOR GEMILANG','2019-05-01','2019-05-31',55,55,0,0,0,55,275000,'2019-06-11 03:53:42'),('0079/TPMM-Barc.JABAR/VI/19','PT. SGMW MOTOR INDONESIA','2019-05-01','2019-05-31',764,764,0,0,0,764,3820000,'2019-06-28 04:16:36'),('0080/TPMM-Barc.JABAR/VI/19','PT. SGMW MOTOR INDONESIA','2019-05-01','2019-05-31',279,279,0,0,0,279,1395000,'2019-06-28 04:16:50'),('0081/TPMM-Barc.JABAR/VI/19','PT. SUZUKI INDOMOBIL MOTOR','2019-05-01','2019-05-31',1225,1225,0,0,0,1225,6125000,'2019-06-11 06:56:08'),('0082/TPMM-Barc.JABAR/VII/19','PT. AUTO 2000','2019-06-01','2019-06-30',2743,2743,0,0,0,2743,13715000,'2019-07-01 04:38:30'),('0083/TPMM-Barc.JABAR/VII/19','PT. ASTRA DAIHATSU MOTOR','2019-06-01','2019-06-30',1422,1422,0,0,0,1422,7110000,'2019-07-05 08:30:19'),('0084/TPMM-Barc.JABAR/VII/19','PT. CINTA DAMAI PUTRA BAHAGIA','2019-06-01','2019-06-30',128,128,0,0,0,128,640000,'2019-07-05 08:40:31'),('0085/TPMM-Barc.JABAR/VII/19','PT. INSAN SARANA MAJU','2019-06-01','2019-06-30',27,27,0,0,0,27,135000,'2019-07-05 08:40:49'),('0086/TPMM-Barc.JABAR/VII/19','PT. INSAN SARANA MAJU / INDO SARANA MOTOR','2019-06-01','2019-06-30',6,6,0,0,0,6,30000,'2019-07-05 08:47:13'),('0087/TPMM-Barc.JABAR/VII/19','PT. ISTANA BANDUNG RAYA MOTOR','2019-06-01','2019-06-30',1501,1501,0,0,0,1501,7505000,'2019-07-09 02:57:17'),('0088/TPMM-Barc.JABAR/VII/19','PT. NUSANTARA JAYA SENTOSA','2019-06-01','2019-06-30',337,337,0,0,0,337,1685000,'2019-07-05 08:41:41'),('0089/TPMM-Barc.JABAR/VII/19','PT. SALUYU VESPARIO','2019-06-01','2019-06-30',90,90,0,0,0,90,450000,'2019-07-05 08:41:58'),('0090/TPMM-Barc.JABAR/VII/19','PT. SANGGAR MAS JAYA','2019-06-01','2019-06-30',93,93,0,0,0,93,465000,'2019-07-05 08:43:19'),('0091/TPMM-Barc.JABAR/VII/19','PT. SEJAHTERA MOTOR GEMILANG','2019-06-01','2019-06-30',35,35,0,0,0,35,175000,'2019-07-05 08:43:37'),('0092/TPMM-Barc.JABAR/VII/19','PT. SUZUKI INDOMOBIL MOTOR','2019-06-01','2019-06-30',1503,1503,0,0,0,1503,7515000,'2019-07-05 08:44:08'),('0093/TPMM-Barc.JABAR/VII/19','PT. SGMW MOTOR INDONESIA','2019-06-01','2019-06-30',586,586,0,0,0,586,2930000,'2019-07-10 07:57:54'),('0094/TPMM-Barc.JABAR/VII/19','PT. SGMW MOTOR INDONESIA','2019-06-01','2019-06-30',151,151,0,0,0,151,755000,'2019-07-10 07:58:09'),('0095/TPMM-Barc.JABAR/VIII/19','PT. AUTO 2000','2019-07-01','2019-07-31',3129,3129,0,0,0,3129,15645000,'2019-08-01 08:34:34'),('0096/TPMM-Barc.JABAR/VIII/19','PT. ASTRA DAIHATSU MOTOR','2019-07-01','2019-07-31',1470,1470,0,0,0,1470,7350000,'2019-08-06 05:09:58'),('0097/TPMM-Barc.JABAR/VIII/19','PT. CINTA DAMAI PUTRA BAHAGIA','2019-07-01','2019-07-31',150,150,0,0,0,150,750000,'2019-08-06 05:12:48'),('0098/TPMM-Barc.JABAR/VIII/19','PT. INSAN SARANA MAJU','2019-07-01','2019-07-31',24,24,0,0,0,24,120000,'2019-08-06 06:04:05'),('0099/TPMM-Barc.JABAR/VIII/19','PT. INSAN SARANA MAJU / INDO SARANA MOTOR','2019-07-01','2019-07-31',13,13,0,0,0,13,65000,'2019-08-06 06:28:20'),('0100/TPMM-Barc.JABAR/VIII/19','PT. ISTANA BANDUNG RAYA MOTOR','2019-07-01','2019-07-31',1823,1823,0,0,0,1823,9115000,'2019-08-07 02:16:47'),('0101/TPMM-Barc.JABAR/VIII/19','PT. MAKMUR SAKTI','2019-07-01','2019-07-31',0,0,0,0,0,0,0,'2019-08-06 06:28:54'),('0102/TPMM-Barc.JABAR/VIII/19','PT. NUSANTARA JAYA SENTOSA','2019-07-01','2019-07-31',466,466,0,0,0,466,2330000,'2019-08-06 06:29:48'),('0103/TPMM-Barc.JABAR/VIII/19','PT. SALUYU VESPARIO','2019-07-01','2019-07-31',200,200,0,0,0,200,1000000,'2019-08-06 06:30:56'),('0104/TPMM-Barc.JABAR/VIII/19','PT. SANGGAR MAS JAYA','2019-07-01','2019-07-31',126,126,0,0,0,126,630000,'2019-08-06 06:31:24'),('0105/TPMM-Barc.JABAR/VIII/19','PT. SEJAHTERA MOTOR GEMILANG','2019-07-01','2019-07-31',39,39,0,0,0,39,195000,'2019-08-06 06:31:47'),('0106/TPMM-Barc.JABAR/VIII/19','PT. SGMW MOTOR INDONESIA','2019-07-01','2019-07-31',547,547,0,0,0,547,2735000,'2019-09-03 06:21:38'),('0107/TPMM-Barc.JABAR/VIII/19','PT. SGMW MOTOR INDONESIA','2019-07-01','2019-07-31',183,183,0,0,0,183,915000,'2019-08-12 09:52:10'),('0108/TPMM-Barc.JABAR/VIII/19','PT. SUZUKI INDOMOBIL MOTOR','2019-07-01','2019-07-31',2387,2387,0,0,0,2387,11935000,'2019-08-07 02:36:55'),('0109/TPMM-Barc.JABAR/IX/19','PT. AUTO 2000','2019-08-01','2019-08-31',2835,2835,0,0,0,2835,14175000,'2019-09-03 06:02:22'),('0110/TPMM-Barc.JABAR/IX/19','PT. ASTRA DAIHATSU MOTOR','2019-08-01','2019-08-31',1368,1368,0,0,0,1368,6840000,'2019-09-04 07:54:17'),('0111/TPMM-Barc.JABAR/IX/19','PT. CINTA DAMAI PUTRA BAHAGIA','2019-08-01','2019-08-31',128,128,0,0,0,128,640000,'2019-09-04 07:54:34'),('0112/TPMM-Barc.JABAR/IX/19','PT. INSAN SARANA MAJU','2019-08-01','2019-08-31',18,18,0,0,0,18,90000,'2019-09-04 07:54:52'),('0113/TPMM-Barc.JABAR/IX/19','PT. INSAN SARANA MAJU / INDO SARANA MOTOR','2019-08-01','2019-08-31',7,7,0,0,0,7,35000,'2019-09-04 07:55:02'),('0114/TPMM-Barc.JABAR/IX/19','PT. ISTANA BANDUNG RAYA MOTOR','2019-08-01','2019-08-31',1585,1585,0,0,0,1585,7925000,'2019-09-06 02:09:50'),('0115/TPMM-Barc.JABAR/IX/19','PT. NUSANTARA JAYA SENTOSA','2019-08-01','2019-08-31',478,478,0,0,0,478,2390000,'2019-09-04 07:55:29'),('0116/TPMM-Barc.JABAR/IX/19','PT. SALUYU VESPARIO','2019-08-01','2019-08-31',126,126,0,0,0,126,630000,'2019-09-04 07:56:56'),('0117/TPMM-Barc.JABAR/IX/19','PT. SANGGAR MAS JAYA','2019-08-01','2019-08-31',95,95,0,0,0,95,475000,'2019-09-04 07:57:13'),('0118/TPMM-Barc.JABAR/IX/19','PT. SEJAHTERA MOTOR GEMILANG','2019-08-01','2019-08-31',121,121,0,0,0,121,605000,'2019-09-04 07:57:25'),('0119/TPMM-Barc.JABAR/IX/19','PT. SGMW MOTOR INDONESIA','2019-08-01','2019-08-31',171,171,0,0,0,171,855000,'2019-09-10 08:22:16'),('0120/TPMM-Barc.JABAR/IX/19','PT. SGMW MOTOR INDONESIA','2019-08-01','2019-08-31',1083,1083,0,0,0,1083,5415000,'2019-09-10 08:22:28'),('0121/TPMM-Barc.JABAR/IX/19','PT. SUZUKI INDOMOBIL MOTOR','2019-08-01','2019-08-31',2312,2312,0,0,0,2312,11560000,'2019-09-04 07:59:09'),('0122/TPMM-Barc.JABAR/X/19','PT. AUTO 2000','2019-09-01','2019-09-30',2431,2431,0,0,0,2431,12155000,'2019-10-02 02:46:59'),('0123/TPMM-Barc.JABAR/X/19','PT. ASTRA DAIHATSU MOTOR','2019-09-01','2019-09-30',1170,1170,0,0,0,1170,5850000,'2019-10-03 08:17:06'),('0124/TPMM-Barc.JABAR/X/19','PT. SUZUKI INDOMOBIL MOTOR','2019-09-01','2019-09-30',1355,1355,0,0,0,1355,6775000,'2019-10-03 09:00:33'),('0125/TPMM-Barc.JABAR/X/19','PT. CINTA DAMAI PUTRA BAHAGIA','2019-09-01','2019-09-30',132,132,0,0,0,132,660000,'2019-10-03 09:15:53'),('0126/TPMM-Barc.JABAR/X/19','PT. INSAN SARANA MAJU','2019-09-01','2019-09-30',10,10,0,0,0,10,50000,'2019-10-03 09:16:06'),('0127/TPMM-Barc.JABAR/X/19','PT. INSAN SARANA MAJU / INDO SARANA MOTOR','2019-09-01','2019-09-30',6,6,0,0,0,6,30000,'2019-10-03 09:16:20'),('0128/TPMM-Barc.JABAR/X/19','PT. NUSANTARA JAYA SENTOSA','2019-09-01','2019-09-30',470,470,0,0,0,470,2350000,'2019-10-03 09:16:33'),('0129/TPMM-Barc.JABAR/X/19','PT. SALUYU VESPARIO','2019-09-01','2019-09-30',145,145,0,0,0,145,725000,'2019-10-03 09:18:04'),('0130/TPMM-Barc.JABAR/X/19','PT. SANGGAR MAS JAYA','2019-09-01','2019-09-30',101,101,0,0,0,101,505000,'2019-10-03 09:18:16'),('0131/TPMM-Barc.JABAR/X/19','PT. SEJAHTERA MOTOR GEMILANG','2019-09-01','2019-09-30',31,31,0,0,0,31,155000,'2019-10-03 09:18:26'),('0132/TPMM-Barc.JABAR/X/19','PT. ISTANA BANDUNG RAYA MOTOR','2019-09-01','2019-09-30',1559,1559,0,0,0,1559,7795000,'2019-10-04 02:24:40'),('0133/TPMM-Barc.JABAR/X/19','PT. SGMW MOTOR INDONESIA','2019-09-01','2019-09-30',886,886,0,0,0,886,4430000,'2019-10-08 04:40:50'),('0134/TPMM-Barc.JABAR/X/19','PT. SGMW MOTOR INDONESIA','2019-09-01','2019-09-30',168,168,0,0,0,168,840000,'2019-10-08 04:41:10');
/*!40000 ALTER TABLE `trn_invoice` ENABLE KEYS */;
UNLOCK TABLES;

--
-- Table structure for table `trn_msb`
--

DROP TABLE IF EXISTS `trn_msb`;
/*!40101 SET @saved_cs_client     = @@character_set_client */;
/*!40101 SET character_set_client = utf8 */;
CREATE TABLE `trn_msb` (
  `nomor` varchar(30) DEFAULT '',
  `nama_main_dealer` varchar(200) DEFAULT '',
  `tanggal_awal` date DEFAULT NULL,
  `tanggal_akhir` date DEFAULT NULL,
  `jumlah_data` int(10) DEFAULT NULL,
  `grand_total` int(10) DEFAULT NULL,
  `lastupdate` timestamp NULL DEFAULT current_timestamp() ON UPDATE current_timestamp()
) ENGINE=InnoDB DEFAULT CHARSET=latin1;
/*!40101 SET character_set_client = @saved_cs_client */;

--
-- Dumping data for table `trn_msb`
--

LOCK TABLES `trn_msb` WRITE;
/*!40000 ALTER TABLE `trn_msb` DISABLE KEYS */;
INSERT INTO `trn_msb` VALUES ('001/INV.MSB/TPMM/I/2018','PT. DAYA ADICIPTA MOTORA (JABAR)','2018-12-16','2018-01-31',81355,244065000,'2019-10-02 06:58:16'),('002/INV.MSB/TPMM/I/2018','PT. DAYA ADICIPTA MOTORA (METRO)','2018-12-16','2018-01-31',30535,91605000,'2019-10-02 06:59:51'),('003/INV.MSB/TPMM/II/2018','PT. DAYA ADICIPTA MOTORA (JABAR)','2018-02-01','2018-02-28',42073,126219000,'2019-10-02 07:00:53'),('004/INV.MSB/TPMM/II/2018','PT. DAYA ADICIPTA MOTORA (METRO)','2018-02-01','2018-02-28',16899,50697000,'2019-10-02 07:01:27'),('005/INV.MSB/TPMM/III/2018','PT. DAYA ADICIPTA MOTORA (JABAR)','2018-03-01','2018-03-31',50008,150024000,'2019-10-02 07:02:16'),('006/INV.MSB/TPMM/III/2018','PT. DAYA ADICIPTA MOTORA (METRO)','2018-03-01','2018-03-31',19750,59250000,'2019-10-02 07:02:41'),('007/INV.MSB/TPMM/IV/2018','PT. DAYA ADICIPTA MOTORA (JABAR)','2018-04-01','2018-04-30',49199,147597000,'2019-10-02 07:05:47'),('008/INV.MSB/TPMM/IV/2018','PT. DAYA ADICIPTA MOTORA (METRO)','2018-04-01','2018-04-30',18590,55770000,'2019-10-02 07:06:23'),('009/INV.MSB/TPMM/V/2018','PT. DAYA ADICIPTA MOTORA (JABAR)','2018-05-01','2018-05-31',58566,175698000,'2019-10-02 07:18:42'),('010/INV.MSB/TPMM/V/2018','PT. DAYA ADICIPTA MOTORA (METRO)','2018-05-01','2018-05-31',21484,64452000,'2019-10-02 07:32:31'),('011/INV.MSB/TPMM/VI/2018','PT. DAYA ADICIPTA MOTORA (JABAR)','2018-06-01','2018-06-30',53512,160536000,'2019-10-02 07:35:03'),('012/INV.MSB/TPMM/VI/2018','PT. DAYA ADICIPTA MOTORA (METRO)','2018-06-01','2018-06-30',16108,48324000,'2019-10-02 07:35:43'),('013/INV.MSB/TPMM/VII/2018','PT. DAYA ADICIPTA MOTORA (JABAR)','2018-07-01','2018-07-31',62815,188445000,'2019-10-02 07:37:32'),('014/INV.MSB/TPMM/VII/2018','PT. DAYA ADICIPTA MOTORA (METRO)','2018-07-01','2018-07-31',23173,69519000,'2019-10-02 07:37:15'),('015/INV.MSB/TPMM/VIII/2018','PT. DAYA ADICIPTA MOTORA (JABAR)','2018-08-01','2018-08-31',57669,173007000,'2019-10-02 07:55:00'),('016/INV.MSB/TPMM/VIII/2018','PT. DAYA ADICIPTA MOTORA (METRO)','2018-08-01','2018-08-31',21725,65175000,'2019-10-02 07:55:31'),('017/INV.MSB/TPMM/IX/2018','PT. ASTRA MOTOR JAKARTA','2018-09-01','2018-09-30',3279,6558000,'2019-10-02 08:20:42'),('018/INV.MSB/TPMM/IX/2018','PT. DAYA ADICIPTA MOTORA (JABAR)','2018-09-01','2018-09-30',57565,172695000,'2019-10-02 08:20:48'),('019/INV.MSB/TPMM/IX/2018','PT. DAYA ADICIPTA MOTORA (METRO)','2018-09-01','2018-09-30',21702,65106000,'2019-10-02 08:20:48'),('020/INV.MSB/TPMM/IX/2018','PT. WAHANA MAKMUR SEJATI','2018-09-01','2018-09-30',39329,78658000,'2019-10-02 08:20:48'),('021/INV.MSB/TPMM/X/2018','PT. ASTRA MOTOR JAKARTA','2018-10-01','2018-10-31',2980,5960000,'2019-10-02 08:22:02'),('022/INV.MSB/TPMM/X/2018','PT. DAYA ADICIPTA MOTORA (JABAR)','2018-10-01','2018-10-31',53201,159603000,'2019-10-02 08:22:21'),('023/INV.MSB/TPMM/X/2018','PT. DAYA ADICIPTA MOTORA (METRO)','2018-10-01','2018-10-31',20300,60900000,'2019-10-02 08:22:39'),('024/INV.MSB/TPMM/X/2018','PT. WAHANA MAKMUR SEJATI','2018-10-01','2018-10-31',32274,64548000,'2019-10-02 08:23:27'),('025/INV.MSB/TPMM/XI/2018','PT. ASTRA MOTOR JAKARTA','2018-10-01','2018-10-31',4393,8786000,'2019-10-02 08:26:13'),('026/INV.MSB/TPMM/XI/2018','PT. DAYA ADICIPTA MOTORA (JABAR)','2018-11-01','2018-11-30',56307,168921000,'2019-10-02 08:26:00'),('027/INV.MSB/TPMM/XI/2018','PT. DAYA ADICIPTA MOTORA (METRO)','2018-11-01','2018-11-30',20924,62772000,'2019-10-02 08:26:33'),('028/INV.MSB/TPMM/XI/2018','PT. WAHANA MAKMUR SEJATI','2018-11-01','2018-11-30',35285,70570000,'2019-10-02 08:26:59'),('029/INV.MSB/TPMM/XII/2018','PT. ASTRA MOTOR JAKARTA','2018-12-01','2018-12-31',3594,7188000,'2019-10-02 08:27:38'),('030/INV.MSB/TPMM/XII/2018','PT. DAYA ADICIPTA MOTORA (JABAR)','2018-12-01','2018-12-31',51544,154632000,'2019-10-02 08:28:21'),('031/INV.MSB/TPMM/XII/2018','PT. DAYA ADICIPTA MOTORA (METRO)','2018-12-01','2018-12-31',19556,58668000,'2019-10-02 08:28:45'),('032/INV.MSB/TPMM/XII/2018','PT. WAHANA MAKMUR SEJATI','2018-12-01','2018-12-31',31412,62824000,'2019-10-02 08:29:18'),('033/INV.MSB/TPMM/XII/2018','PT. DAYA ADICIPTA MOTORA (JABAR)','2018-12-01','2018-12-12',20659,61977000,'2019-10-02 08:31:13'),('034/INV.MSB/TPMM/XII/2018','PT. DAYA ADICIPTA MOTORA (METRO)','2018-12-01','2018-12-12',7907,23721000,'2019-10-02 08:31:36'),('001/INV.MSB/TPMM/I/2019','PT. ASTRA MOTOR JAKARTA','2019-01-01','2019-01-31',3277,6554000,'2019-10-02 08:32:45'),('002/INV.MSB/TPMM/I/2019','PT. DAYA ADICIPTA MOTORA (JABAR)','2019-01-01','2019-01-31',89147,267441000,'2019-10-02 08:34:04'),('003/INV.MSB/TPMM/I/2019','PT. DAYA ADICIPTA MOTORA (METRO)','2019-01-01','2019-01-31',32196,96588000,'2019-10-02 08:34:35'),('004/INV.MSB/TPMM/I/2019','PT. WAHANA MAKMUR SEJATI','2019-01-01','2019-01-31',31152,62304000,'2019-10-02 08:35:02'),('005/INV.MSB/TPMM/II/2019','PT. ASTRA MOTOR JAKARTA','2019-02-01','2019-02-28',2534,5068000,'2019-10-02 08:35:39'),('006/INV.MSB/TPMM/II/2019','PT. DAYA ADICIPTA MOTORA (JABAR)','2019-02-01','2019-02-28',88926,266778000,'2019-10-02 08:36:14'),('007/INV.MSB/TPMM/II/2019','PT. DAYA ADICIPTA MOTORA (METRO)','2019-02-01','2019-02-28',32133,96399000,'2019-10-02 08:36:43'),('008/INV.MSB/TPMM/II/2019','PT. WAHANA MAKMUR SEJATI','2019-02-01','2019-02-28',32658,65316000,'2019-10-02 08:37:12'),('009/INV.MSB/TPMM/III/2019','PT. DAYA ADICIPTA MOTORA (JABAR)','2019-03-01','2019-03-31',44306,132918000,'2019-10-02 08:39:50'),('010/INV.MSB/TPMM/III/2019','PT. DAYA ADICIPTA MOTORA (METRO)','2019-03-01','2019-03-31',17415,52245000,'2019-10-02 08:40:19'),('011/INV.MSB/TPMM/IV/2019','PT. ASTRA MOTOR JAKARTA','2019-04-01','2019-04-30',2633,5266000,'2019-10-02 08:41:07'),('012/INV.MSB/TPMM/IV/2019','PT. DAYA ADICIPTA MOTORA (JABAR)','2019-04-01','2019-04-30',48586,145758000,'2019-10-02 08:42:42'),('013/INV.MSB/TPMM/IV/2019','PT. DAYA ADICIPTA MOTORA (METRO)','2019-04-01','2019-04-30',18849,56547000,'2019-10-02 08:43:12'),('014/INV.MSB/TPMM/IV/2019','PT. WAHANA MAKMUR SEJATI','2019-04-01','2019-04-30',30736,61472000,'2019-10-02 08:43:51'),('015/INV.MSB/TPMM/V/2019','PT. ASTRA MOTOR JAKARTA','2019-05-01','2019-05-30',3808,7616000,'2019-10-02 08:46:18'),('016/INV.MSB/TPMM/V/2019','PT. DAYA ADICIPTA MOTORA (JABAR)','2019-05-01','2019-05-31',45939,137817000,'2019-10-02 08:47:15'),('017/INV.MSB/TPMM/V/2019','PT. DAYA ADICIPTA MOTORA (METRO)','2019-05-01','2019-05-31',17653,52959000,'2019-10-02 08:47:52'),('018/INV.MSB/TPMM/V/2019','PT. WAHANA MAKMUR SEJATI','2019-05-01','2019-05-31',29773,59546000,'2019-10-02 08:48:33'),('019/INV.MSB/TPMM/VI/2019','PT. ASTRA MOTOR JAKARTA','2019-06-01','2019-06-30',3503,7006000,'2019-10-02 08:49:28'),('020/INV.MSB/TPMM/VI/2019','PT. DAYA ADICIPTA MOTORA (JABAR)','2019-06-01','2019-06-30',58927,176781000,'2019-10-02 08:50:15'),('021/INV.MSB/TPMM/VI/2019','PT. DAYA ADICIPTA MOTORA (METRO)','2019-06-01','2019-06-30',18464,55392000,'2019-10-02 08:50:58'),('022/INV.MSB/TPMM/VI/2019','PT. WAHANA MAKMUR SEJATI','2019-06-01','2019-06-30',33104,66208000,'2019-10-02 08:51:57'),('023/INV.MSB/TPMM/VII/2019','PT. ASTRA MOTOR JAKARTA','2019-07-01','2019-07-30',2278,4556000,'2019-10-02 08:52:53'),('024/INV.MSB/TPMM/VII/2019','PT. DAYA ADICIPTA MOTORA (JABAR)','2019-07-01','2019-07-30',51634,154902000,'2019-10-02 08:53:39'),('025/INV.MSB/TPMM/VII/2019','PT. DAYA ADICIPTA MOTORA (METRO)','2019-07-01','2019-07-30',17152,51456000,'2019-10-02 08:54:20'),('026/INV.MSB/TPMM/VII/2019','PT. WAHANA MAKMUR SEJATI','2019-07-01','2019-07-30',26189,52378000,'2019-10-02 08:54:56'),('027/INV.MSB/TPMM/VIII/2019','PT. ASTRA MOTOR JAKARTA','2019-08-01','2019-08-31',3446,6892000,'2019-10-02 08:55:43'),('028/INV.MSB/TPMM/VIII/2019','PT. DAYA ADICIPTA MOTORA (JABAR)','2019-08-01','2019-08-31',60614,181842000,'2019-10-02 08:56:32'),('029/INV.MSB/TPMM/VIII/2019','PT. DAYA ADICIPTA MOTORA (METRO)','2019-08-01','2019-08-31',22438,67314000,'2019-10-02 08:57:09'),('030/INV.MSB/TPMM/VIII/2019','PT. WAHANA MAKMUR SEJATI','2019-08-01','2019-08-31',40388,80776000,'2019-10-02 08:57:48'),('031/INV.MSB/TPMM/IX/2019','PT. ASTRA MOTOR JAKARTA','2019-09-01','2019-09-30',4411,8822000,'2019-10-02 08:58:36'),('032/INV.MSB/TPMM/IX/2019','PT. DAYA ADICIPTA MOTORA (JABAR)','2019-09-01','2019-09-30',56684,170052000,'2019-10-02 08:59:20'),('033/INV.MSB/TPMM/IX/2019','PT. DAYA ADICIPTA MOTORA (METRO)','2019-09-01','2019-09-30',21924,65772000,'2019-10-02 09:00:05'),('034/INV.MSB/TPMM/IX/2019','PT. WAHANA MAKMUR SEJATI','2019-09-01','2019-09-30',36469,72938000,'2019-10-02 09:00:52'),('035/INV.MSB/TPMM/X/2019','PT. ASTRA MOTOR JAKARTA','2019-09-01','2019-09-30',3577,7154000,'2019-10-03 07:43:16'),('036/INV.MSB/TPMM/X/2019','PT. DAYA ADICIPTA MOTORA (JABAR)','2019-09-01','2019-09-30',55411,166233000,'2019-10-03 07:43:48'),('037/INV.MSB/TPMM/X/2019','PT. DAYA ADICIPTA MOTORA (METRO)','2019-09-01','2019-09-30',20569,61707000,'2019-10-03 07:44:11'),('038/INV.MSB/TPMM/X/2019','PT. WAHANA MAKMUR SEJATI','2019-09-01','2019-09-30',36181,72362000,'2019-10-03 07:45:17');
/*!40000 ALTER TABLE `trn_msb` ENABLE KEYS */;
UNLOCK TABLES;

--
-- Table structure for table `trn_mybiro`
--

DROP TABLE IF EXISTS `trn_mybiro`;
/*!40101 SET @saved_cs_client     = @@character_set_client */;
/*!40101 SET character_set_client = utf8 */;
CREATE TABLE `trn_mybiro` (
  `nomor` varchar(25) DEFAULT NULL,
  `nama_birojasa` varchar(200) DEFAULT NULL,
  `tanggal_awal` date DEFAULT NULL,
  `tanggal_akhir` date DEFAULT NULL,
  `jumlah_data` int(10) DEFAULT NULL,
  `grand_total` int(10) DEFAULT NULL,
  `lastupdate` timestamp NULL DEFAULT current_timestamp() ON UPDATE current_timestamp()
) ENGINE=InnoDB DEFAULT CHARSET=latin1;
/*!40101 SET character_set_client = @saved_cs_client */;

--
-- Dumping data for table `trn_mybiro`
--

LOCK TABLES `trn_mybiro` WRITE;
/*!40000 ALTER TABLE `trn_mybiro` DISABLE KEYS */;
INSERT INTO `trn_mybiro` VALUES ('0001/Mybiro.JKT-XII/18','CV. FAJAR MANDIRI','2018-12-01','2018-12-31',2171,10855000,'2019-05-20 03:43:49'),('0002/Mybiro.JKT-XII/18','CV. SAIMO MANGUNKARSO','2018-12-01','2018-12-31',810,4050000,'2019-05-20 03:44:31'),('0003/Mybiro.JKT-XII/18','PT. KARUNIA DINAMIKA SEJAHTERA','2018-12-01','2018-12-31',564,2820000,'2019-05-20 03:44:55'),('0001/Mybiro.JKT-I/19','CV. FAJAR MANDIRI','2019-01-01','2019-01-31',2302,11510000,'2019-05-20 03:45:58'),('0002/Mybiro.JKT-I/19','CV. SAIMO MANGUNKARSO','2019-01-01','2019-01-31',649,3245000,'2019-05-20 03:53:47'),('0003/Mybiro.JKT-I/19','PT. KARUNIA DINAMIKA SEJAHTERA','2019-01-01','2019-01-31',1077,5385000,'2019-05-20 03:47:00'),('0004/Mybiro.JKT-II/19','CV. FAJAR MANDIRI','2019-02-01','2019-02-28',1741,8705000,'2019-05-20 03:48:11'),('0005/Mybiro.JKT-II/19','CV. SAIMO MANGUNKARSO','2019-02-01','2019-02-28',745,3725000,'2019-05-20 03:48:58'),('0006/Mybiro.JKT-II/19','PT. KARUNIA DINAMIKA SEJAHTERA','2019-02-01','2019-02-28',763,3815000,'2019-05-20 03:49:13'),('0007/Mybiro.JKT-III/19','CV. FAJAR MANDIRI','2019-03-01','2019-03-31',1971,9855000,'2019-05-20 03:54:31'),('0008/Mybiro.JKT-III/19','CV. SAIMO MANGUNKARSO','2019-03-01','2019-03-31',1117,5585000,'2019-05-20 03:54:31'),('0009/Mybiro.JKT-III/19','PT. KARUNIA DINAMIKA SEJAHTERA','2019-03-01','2019-03-31',837,4185000,'2019-05-20 03:54:26'),('0010/Mybiro.JKT-IV/19','CV. FAJAR MANDIRI','2019-04-01','2019-04-30',1671,8355000,'2019-05-20 03:53:59'),('0011/Mybiro.JKT-IV/19','CV. SAIMO MANGUNKARSO','2019-04-01','2019-04-30',962,4810000,'2019-05-20 03:52:57'),('0012/Mybiro.JKT-IV/19','PT. KARUNIA DINAMIKA SEJAHTERA','2019-04-01','2019-04-30',658,3290000,'2019-05-20 03:53:28'),('0013/Mybiro.JKT-05/19','CV. FAJAR MANDIRI','2019-05-01','2019-05-31',2043,10215000,'2019-06-11 03:58:38'),('0014/Mybiro.JKT-05/19','CV. SAIMO MANGUNKARSO','2019-05-01','2019-05-31',1194,5970000,'2019-06-11 03:58:59'),('0015/Mybiro.JKT-05/19','PT. KARUNIA DINAMIKA SEJAHTERA','2019-05-01','2019-05-31',1075,5375000,'2019-06-11 03:59:15'),('016/INV.L/TPMM/06/2019','CV. FAJAR MANDIRI','2019-06-01','2019-06-30',1524,7620000,'2019-07-09 02:59:34'),('017/INV.L/TPMM/06/2019','CV. SAIMO MANGUNKARSO','2019-06-01','2019-06-30',974,4870000,'2019-07-09 02:59:55'),('018/INV.L/TPMM/06/2019','PT. KARUNIA DINAMIKA SEJAHTERA','2019-06-01','2019-06-30',959,4795000,'2019-07-09 03:00:10'),('019/INV.L/TPMM/VIII/2019','PT. KARUNIA DINAMIKA SEJAHTERA','2019-07-01','2019-07-31',1219,6095000,'2019-08-02 07:27:32'),('020/INV.L/TPMM/VIII/2019','CV. FAJAR MANDIRI','2019-07-01','2019-07-31',1373,6865000,'2019-08-02 07:27:47'),('021/INV.L/TPMM/VIII/2019','CV. SAIMO MANGUNKARSO','2019-07-01','2019-07-31',1165,5825000,'2019-08-02 07:28:02'),('022/INV.L/TPMM/07/2019','CV. FAJAR MANDIRI','2019-08-01','2019-08-31',2359,11795000,'2019-09-03 06:23:35'),('023/INV.L/TPMM/07/2019','CV. SAIMO MANGUNKARSO','2019-08-01','2019-08-31',1465,7325000,'2019-09-03 06:24:03'),('024/INV.L/TPMM/07/2019','PT. KARUNIA DINAMIKA SEJAHTERA','2019-08-01','2019-08-31',1514,7570000,'2019-09-03 06:24:38');
/*!40000 ALTER TABLE `trn_mybiro` ENABLE KEYS */;
UNLOCK TABLES;

--
-- Table structure for table `user`
--

DROP TABLE IF EXISTS `user`;
/*!40101 SET @saved_cs_client     = @@character_set_client */;
/*!40101 SET character_set_client = utf8 */;
CREATE TABLE `user` (
  `user_id` int(11) NOT NULL AUTO_INCREMENT,
  `username` varchar(150) DEFAULT '',
  `password` varchar(150) DEFAULT '',
  `nama_lengkap` varchar(150) DEFAULT NULL,
  `email` varchar(150) DEFAULT NULL,
  `image` varchar(150) DEFAULT NULL,
  `id_role` int(11) DEFAULT NULL,
  `date_created` int(11) DEFAULT NULL,
  `is_active` int(1) DEFAULT NULL,
  PRIMARY KEY (`user_id`)
) ENGINE=InnoDB AUTO_INCREMENT=3 DEFAULT CHARSET=latin1;
/*!40101 SET character_set_client = @saved_cs_client */;

--
-- Dumping data for table `user`
--

LOCK TABLES `user` WRITE;
/*!40000 ALTER TABLE `user` DISABLE KEYS */;
INSERT INTO `user` VALUES (1,'admin','21232f297a57a5a743894a0e4a801fc3','Rezkha Adhitya','darkroomeffect@gmail.com','default.jpg',1,NULL,NULL),(2,'user','ee11cbb19052e40b07aac0ca060c23ee','Adhitya Gunarso','adhitya@gmail.com','default.jpg',2,NULL,NULL);
/*!40000 ALTER TABLE `user` ENABLE KEYS */;
UNLOCK TABLES;

--
-- Dumping routines for database 'e-form'
--
/*!40103 SET TIME_ZONE=@OLD_TIME_ZONE */;

/*!40101 SET SQL_MODE=@OLD_SQL_MODE */;
/*!40014 SET FOREIGN_KEY_CHECKS=@OLD_FOREIGN_KEY_CHECKS */;
/*!40014 SET UNIQUE_CHECKS=@OLD_UNIQUE_CHECKS */;
/*!40101 SET CHARACTER_SET_CLIENT=@OLD_CHARACTER_SET_CLIENT */;
/*!40101 SET CHARACTER_SET_RESULTS=@OLD_CHARACTER_SET_RESULTS */;
/*!40101 SET COLLATION_CONNECTION=@OLD_COLLATION_CONNECTION */;
/*!40111 SET SQL_NOTES=@OLD_SQL_NOTES */;

-- Dump completed on 2019-10-11 16:08:16
